MACHINE_ID,FLEET,UNIT_NUMBER,SOURCE_FILE,OPERATING_CONDITIONS,FAULT_MODES,STATUS,CYCLES_OBSERVED
FD001-HIST-001,FD001,1,train_FD001.txt,1 (sea level),HPC degradation,FAILED,192
FD001-HIST-002,FD001,2,train_FD001.txt,1 (sea level),HPC degradation,FAILED,287
FD001-HIST-003,FD001,3,train_FD001.txt,1 (sea level),HPC degradation,FAILED,179
FD001-HIST-004,FD001,4,train_FD001.txt,1 (sea level),HPC degradation,FAILED,189
FD001-HIST-005,FD001,5,train_FD001.txt,1 (sea level),HPC degradation,FAILED,269
FD001-HIST-006,FD001,6,train_FD001.txt,1 (sea level),HPC degradation,FAILED,188
FD001-HIST-007,FD001,7,train_FD001.txt,1 (sea level),HPC degradation,FAILED,259
FD001-HIST-008,FD001,8,train_FD001.txt,1 (sea level),HPC degradation,FAILED,150
FD001-HIST-009,FD001,9,train_FD001.txt,1 (sea level),HPC degradation,FAILED,201
FD001-HIST-010,FD001,10,train_FD001.txt,1 (sea level),HPC degradation,FAILED,222
FD001-HIST-011,FD001,11,train_FD001.txt,1 (sea level),HPC degradation,FAILED,240
FD001-HIST-012,FD001,12,train_FD001.txt,1 (sea level),HPC degradation,FAILED,170
FD001-HIST-013,FD001,13,train_FD001.txt,1 (sea level),HPC degradation,FAILED,163
FD001-HIST-014,FD001,14,train_FD001.txt,1 (sea level),HPC degradation,FAILED,180
FD001-HIST-015,FD001,15,train_FD001.txt,1 (sea level),HPC degradation,FAILED,207
FD001-HIST-016,FD001,16,train_FD001.txt,1 (sea level),HPC degradation,FAILED,209
FD001-HIST-017,FD001,17,train_FD001.txt,1 (sea level),HPC degradation,FAILED,276
FD001-HIST-018,FD001,18,train_FD001.txt,1 (sea level),HPC degradation,FAILED,195
FD001-HIST-019,FD001,19,train_FD001.txt,1 (sea level),HPC degradation,FAILED,158
FD001-HIST-020,FD001,20,train_FD001.txt,1 (sea level),HPC degradation,FAILED,234
FD001-HIST-021,FD001,21,train_FD001.txt,1 (sea level),HPC degradation,FAILED,195
FD001-HIST-022,FD001,22,train_FD001.txt,1 (sea level),HPC degradation,FAILED,202
FD001-HIST-023,FD001,23,train_FD001.txt,1 (sea level),HPC degradation,FAILED,168
FD001-HIST-024,FD001,24,train_FD001.txt,1 (sea level),HPC degradation,FAILED,147
FD001-HIST-025,FD001,25,train_FD001.txt,1 (sea level),HPC degradation,FAILED,230
FD001-HIST-026,FD001,26,train_FD001.txt,1 (sea level),HPC degradation,FAILED,199
FD001-HIST-027,FD001,27,train_FD001.txt,1 (sea level),HPC degradation,FAILED,156
FD001-HIST-028,FD001,28,train_FD001.txt,1 (sea level),HPC degradation,FAILED,165
FD001-HIST-029,FD001,29,train_FD001.txt,1 (sea level),HPC degradation,FAILED,163
FD001-HIST-030,FD001,30,train_FD001.txt,1 (sea level),HPC degradation,FAILED,194
FD001-HIST-031,FD001,31,train_FD001.txt,1 (sea level),HPC degradation,FAILED,234
FD001-HIST-032,FD001,32,train_FD001.txt,1 (sea level),HPC degradation,FAILED,191
FD001-HIST-033,FD001,33,train_FD001.txt,1 (sea level),HPC degradation,FAILED,200
FD001-HIST-034,FD001,34,train_FD001.txt,1 (sea level),HPC degradation,FAILED,195
FD001-HIST-035,FD001,35,train_FD001.txt,1 (sea level),HPC degradation,FAILED,181
FD001-HIST-036,FD001,36,train_FD001.txt,1 (sea level),HPC degradation,FAILED,158
FD001-HIST-037,FD001,37,train_FD001.txt,1 (sea level),HPC degradation,FAILED,170
FD001-HIST-038,FD001,38,train_FD001.txt,1 (sea level),HPC degradation,FAILED,194
FD001-HIST-039,FD001,39,train_FD001.txt,1 (sea level),HPC degradation,FAILED,128
FD001-HIST-040,FD001,40,train_FD001.txt,1 (sea level),HPC degradation,FAILED,188
FD001-HIST-041,FD001,41,train_FD001.txt,1 (sea level),HPC degradation,FAILED,216
FD001-HIST-042,FD001,42,train_FD001.txt,1 (sea level),HPC degradation,FAILED,196
FD001-HIST-043,FD001,43,train_FD001.txt,1 (sea level),HPC degradation,FAILED,207
FD001-HIST-044,FD001,44,train_FD001.txt,1 (sea level),HPC degradation,FAILED,192
FD001-HIST-045,FD001,45,train_FD001.txt,1 (sea level),HPC degradation,FAILED,158
FD001-HIST-046,FD001,46,train_FD001.txt,1 (sea level),HPC degradation,FAILED,256
FD001-HIST-047,FD001,47,train_FD001.txt,1 (sea level),HPC degradation,FAILED,214
FD001-HIST-048,FD001,48,train_FD001.txt,1 (sea level),HPC degradation,FAILED,231
FD001-HIST-049,FD001,49,train_FD001.txt,1 (sea level),HPC degradation,FAILED,215
FD001-HIST-050,FD001,50,train_FD001.txt,1 (sea level),HPC degradation,FAILED,198
FD001-HIST-051,FD001,51,train_FD001.txt,1 (sea level),HPC degradation,FAILED,213
FD001-HIST-052,FD001,52,train_FD001.txt,1 (sea level),HPC degradation,FAILED,213
FD001-HIST-053,FD001,53,train_FD001.txt,1 (sea level),HPC degradation,FAILED,195
FD001-HIST-054,FD001,54,train_FD001.txt,1 (sea level),HPC degradation,FAILED,257
FD001-HIST-055,FD001,55,train_FD001.txt,1 (sea level),HPC degradation,FAILED,193
FD001-HIST-056,FD001,56,train_FD001.txt,1 (sea level),HPC degradation,FAILED,275
FD001-HIST-057,FD001,57,train_FD001.txt,1 (sea level),HPC degradation,FAILED,137
FD001-HIST-058,FD001,58,train_FD001.txt,1 (sea level),HPC degradation,FAILED,147
FD001-HIST-059,FD001,59,train_FD001.txt,1 (sea level),HPC degradation,FAILED,231
FD001-HIST-060,FD001,60,train_FD001.txt,1 (sea level),HPC degradation,FAILED,172
FD001-HIST-061,FD001,61,train_FD001.txt,1 (sea level),HPC degradation,FAILED,185
FD001-HIST-062,FD001,62,train_FD001.txt,1 (sea level),HPC degradation,FAILED,180
FD001-HIST-063,FD001,63,train_FD001.txt,1 (sea level),HPC degradation,FAILED,174
FD001-HIST-064,FD001,64,train_FD001.txt,1 (sea level),HPC degradation,FAILED,283
FD001-HIST-065,FD001,65,train_FD001.txt,1 (sea level),HPC degradation,FAILED,153
FD001-HIST-066,FD001,66,train_FD001.txt,1 (sea level),HPC degradation,FAILED,202
FD001-HIST-067,FD001,67,train_FD001.txt,1 (sea level),HPC degradation,FAILED,313
FD001-HIST-068,FD001,68,train_FD001.txt,1 (sea level),HPC degradation,FAILED,199
FD001-HIST-069,FD001,69,train_FD001.txt,1 (sea level),HPC degradation,FAILED,362
FD001-HIST-070,FD001,70,train_FD001.txt,1 (sea level),HPC degradation,FAILED,137
FD001-HIST-071,FD001,71,train_FD001.txt,1 (sea level),HPC degradation,FAILED,208
FD001-HIST-072,FD001,72,train_FD001.txt,1 (sea level),HPC degradation,FAILED,213
FD001-HIST-073,FD001,73,train_FD001.txt,1 (sea level),HPC degradation,FAILED,213
FD001-HIST-074,FD001,74,train_FD001.txt,1 (sea level),HPC degradation,FAILED,166
FD001-HIST-075,FD001,75,train_FD001.txt,1 (sea level),HPC degradation,FAILED,229
FD001-HIST-076,FD001,76,train_FD001.txt,1 (sea level),HPC degradation,FAILED,210
FD001-HIST-077,FD001,77,train_FD001.txt,1 (sea level),HPC degradation,FAILED,154
FD001-HIST-078,FD001,78,train_FD001.txt,1 (sea level),HPC degradation,FAILED,231
FD001-HIST-079,FD001,79,train_FD001.txt,1 (sea level),HPC degradation,FAILED,199
FD001-HIST-080,FD001,80,train_FD001.txt,1 (sea level),HPC degradation,FAILED,185
FD001-HIST-081,FD001,81,train_FD001.txt,1 (sea level),HPC degradation,FAILED,240
FD001-HIST-082,FD001,82,train_FD001.txt,1 (sea level),HPC degradation,FAILED,214
FD001-HIST-083,FD001,83,train_FD001.txt,1 (sea level),HPC degradation,FAILED,293
FD001-HIST-084,FD001,84,train_FD001.txt,1 (sea level),HPC degradation,FAILED,267
FD001-HIST-085,FD001,85,train_FD001.txt,1 (sea level),HPC degradation,FAILED,188
FD001-HIST-086,FD001,86,train_FD001.txt,1 (sea level),HPC degradation,FAILED,278
FD001-HIST-087,FD001,87,train_FD001.txt,1 (sea level),HPC degradation,FAILED,178
FD001-HIST-088,FD001,88,train_FD001.txt,1 (sea level),HPC degradation,FAILED,213
FD001-HIST-089,FD001,89,train_FD001.txt,1 (sea level),HPC degradation,FAILED,217
FD001-HIST-090,FD001,90,train_FD001.txt,1 (sea level),HPC degradation,FAILED,154
FD001-HIST-091,FD001,91,train_FD001.txt,1 (sea level),HPC degradation,FAILED,135
FD001-HIST-092,FD001,92,train_FD001.txt,1 (sea level),HPC degradation,FAILED,341
FD001-HIST-093,FD001,93,train_FD001.txt,1 (sea level),HPC degradation,FAILED,155
FD001-HIST-094,FD001,94,train_FD001.txt,1 (sea level),HPC degradation,FAILED,258
FD001-HIST-095,FD001,95,train_FD001.txt,1 (sea level),HPC degradation,FAILED,283
FD001-HIST-096,FD001,96,train_FD001.txt,1 (sea level),HPC degradation,FAILED,336
FD001-HIST-097,FD001,97,train_FD001.txt,1 (sea level),HPC degradation,FAILED,202
FD001-HIST-098,FD001,98,train_FD001.txt,1 (sea level),HPC degradation,FAILED,156
FD001-HIST-099,FD001,99,train_FD001.txt,1 (sea level),HPC degradation,FAILED,185
FD001-HIST-100,FD001,100,train_FD001.txt,1 (sea level),HPC degradation,FAILED,200
FD001-ENG-001,FD001,1,test_FD001.txt,1 (sea level),HPC degradation,IN_SERVICE,31
FD001-ENG-002,FD001,2,test_FD001.txt,1 (sea level),HPC degradation,IN_SERVICE,49
FD001-ENG-003,FD001,3,test_FD001.txt,1 (sea level),HPC degradation,IN_SERVICE,126
FD001-ENG-004,FD001,4,test_FD001.txt,1 (sea level),HPC degradation,IN_SERVICE,106
FD001-ENG-005,FD001,5,test_FD001.txt,1 (sea level),HPC degradation,IN_SERVICE,98
FD001-ENG-006,FD001,6,test_FD001.txt,1 (sea level),HPC degradation,IN_SERVICE,105
FD001-ENG-007,FD001,7,test_FD001.txt,1 (sea level),HPC degradation,IN_SERVICE,160
FD001-ENG-008,FD001,8,test_FD001.txt,1 (sea level),HPC degradation,IN_SERVICE,166
FD001-ENG-009,FD001,9,test_FD001.txt,1 (sea level),HPC degradation,IN_SERVICE,55
FD001-ENG-010,FD001,10,test_FD001.txt,1 (sea level),HPC degradation,IN_SERVICE,192
FD001-ENG-011,FD001,11,test_FD001.txt,1 (sea level),HPC degradation,IN_SERVICE,83
FD001-ENG-012,FD001,12,test_FD001.txt,1 (sea level),HPC degradation,IN_SERVICE,217
FD001-ENG-013,FD001,13,test_FD001.txt,1 (sea level),HPC degradation,IN_SERVICE,195
FD001-ENG-014,FD001,14,test_FD001.txt,1 (sea level),HPC degradation,IN_SERVICE,46
FD001-ENG-015,FD001,15,test_FD001.txt,1 (sea level),HPC degradation,IN_SERVICE,76
FD001-ENG-016,FD001,16,test_FD001.txt,1 (sea level),HPC degradation,IN_SERVICE,113
FD001-ENG-017,FD001,17,test_FD001.txt,1 (sea level),HPC degradation,IN_SERVICE,165
FD001-ENG-018,FD001,18,test_FD001.txt,1 (sea level),HPC degradation,IN_SERVICE,133
FD001-ENG-019,FD001,19,test_FD001.txt,1 (sea level),HPC degradation,IN_SERVICE,135
FD001-ENG-020,FD001,20,test_FD001.txt,1 (sea level),HPC degradation,IN_SERVICE,184
FD001-ENG-021,FD001,21,test_FD001.txt,1 (sea level),HPC degradation,IN_SERVICE,148
FD001-ENG-022,FD001,22,test_FD001.txt,1 (sea level),HPC degradation,IN_SERVICE,39
FD001-ENG-023,FD001,23,test_FD001.txt,1 (sea level),HPC degradation,IN_SERVICE,130
FD001-ENG-024,FD001,24,test_FD001.txt,1 (sea level),HPC degradation,IN_SERVICE,186
FD001-ENG-025,FD001,25,test_FD001.txt,1 (sea level),HPC degradation,IN_SERVICE,48
FD001-ENG-026,FD001,26,test_FD001.txt,1 (sea level),HPC degradation,IN_SERVICE,76
FD001-ENG-027,FD001,27,test_FD001.txt,1 (sea level),HPC degradation,IN_SERVICE,140
FD001-ENG-028,FD001,28,test_FD001.txt,1 (sea level),HPC degradation,IN_SERVICE,158
FD001-ENG-029,FD001,29,test_FD001.txt,1 (sea level),HPC degradation,IN_SERVICE,171
FD001-ENG-030,FD001,30,test_FD001.txt,1 (sea level),HPC degradation,IN_SERVICE,143
FD001-ENG-031,FD001,31,test_FD001.txt,1 (sea level),HPC degradation,IN_SERVICE,196
FD001-ENG-032,FD001,32,test_FD001.txt,1 (sea level),HPC degradation,IN_SERVICE,145
FD001-ENG-033,FD001,33,test_FD001.txt,1 (sea level),HPC degradation,IN_SERVICE,50
FD001-ENG-034,FD001,34,test_FD001.txt,1 (sea level),HPC degradation,IN_SERVICE,203
FD001-ENG-035,FD001,35,test_FD001.txt,1 (sea level),HPC degradation,IN_SERVICE,198
FD001-ENG-036,FD001,36,test_FD001.txt,1 (sea level),HPC degradation,IN_SERVICE,126
FD001-ENG-037,FD001,37,test_FD001.txt,1 (sea level),HPC degradation,IN_SERVICE,121
FD001-ENG-038,FD001,38,test_FD001.txt,1 (sea level),HPC degradation,IN_SERVICE,125
FD001-ENG-039,FD001,39,test_FD001.txt,1 (sea level),HPC degradation,IN_SERVICE,37
FD001-ENG-040,FD001,40,test_FD001.txt,1 (sea level),HPC degradation,IN_SERVICE,133
FD001-ENG-041,FD001,41,test_FD001.txt,1 (sea level),HPC degradation,IN_SERVICE,123
FD001-ENG-042,FD001,42,test_FD001.txt,1 (sea level),HPC degradation,IN_SERVICE,156
FD001-ENG-043,FD001,43,test_FD001.txt,1 (sea level),HPC degradation,IN_SERVICE,172
FD001-ENG-044,FD001,44,test_FD001.txt,1 (sea level),HPC degradation,IN_SERVICE,54
FD001-ENG-045,FD001,45,test_FD001.txt,1 (sea level),HPC degradation,IN_SERVICE,152
FD001-ENG-046,FD001,46,test_FD001.txt,1 (sea level),HPC degradation,IN_SERVICE,146
FD001-ENG-047,FD001,47,test_FD001.txt,1 (sea level),HPC degradation,IN_SERVICE,73
FD001-ENG-048,FD001,48,test_FD001.txt,1 (sea level),HPC degradation,IN_SERVICE,78
FD001-ENG-049,FD001,49,test_FD001.txt,1 (sea level),HPC degradation,IN_SERVICE,303
FD001-ENG-050,FD001,50,test_FD001.txt,1 (sea level),HPC degradation,IN_SERVICE,74
FD001-ENG-051,FD001,51,test_FD001.txt,1 (sea level),HPC degradation,IN_SERVICE,144
FD001-ENG-052,FD001,52,test_FD001.txt,1 (sea level),HPC degradation,IN_SERVICE,189
FD001-ENG-053,FD001,53,test_FD001.txt,1 (sea level),HPC degradation,IN_SERVICE,164
FD001-ENG-054,FD001,54,test_FD001.txt,1 (sea level),HPC degradation,IN_SERVICE,121
FD001-ENG-055,FD001,55,test_FD001.txt,1 (sea level),HPC degradation,IN_SERVICE,113
FD001-ENG-056,FD001,56,test_FD001.txt,1 (sea level),HPC degradation,IN_SERVICE,136
FD001-ENG-057,FD001,57,test_FD001.txt,1 (sea level),HPC degradation,IN_SERVICE,160
FD001-ENG-058,FD001,58,test_FD001.txt,1 (sea level),HPC degradation,IN_SERVICE,176
FD001-ENG-059,FD001,59,test_FD001.txt,1 (sea level),HPC degradation,IN_SERVICE,94
FD001-ENG-060,FD001,60,test_FD001.txt,1 (sea level),HPC degradation,IN_SERVICE,147
FD001-ENG-061,FD001,61,test_FD001.txt,1 (sea level),HPC degradation,IN_SERVICE,159
FD001-ENG-062,FD001,62,test_FD001.txt,1 (sea level),HPC degradation,IN_SERVICE,232
FD001-ENG-063,FD001,63,test_FD001.txt,1 (sea level),HPC degradation,IN_SERVICE,155
FD001-ENG-064,FD001,64,test_FD001.txt,1 (sea level),HPC degradation,IN_SERVICE,168
FD001-ENG-065,FD001,65,test_FD001.txt,1 (sea level),HPC degradation,IN_SERVICE,71
FD001-ENG-066,FD001,66,test_FD001.txt,1 (sea level),HPC degradation,IN_SERVICE,147
FD001-ENG-067,FD001,67,test_FD001.txt,1 (sea level),HPC degradation,IN_SERVICE,71
FD001-ENG-068,FD001,68,test_FD001.txt,1 (sea level),HPC degradation,IN_SERVICE,187
FD001-ENG-069,FD001,69,test_FD001.txt,1 (sea level),HPC degradation,IN_SERVICE,54
FD001-ENG-070,FD001,70,test_FD001.txt,1 (sea level),HPC degradation,IN_SERVICE,152
FD001-ENG-071,FD001,71,test_FD001.txt,1 (sea level),HPC degradation,IN_SERVICE,68
FD001-ENG-072,FD001,72,test_FD001.txt,1 (sea level),HPC degradation,IN_SERVICE,131
FD001-ENG-073,FD001,73,test_FD001.txt,1 (sea level),HPC degradation,IN_SERVICE,112
FD001-ENG-074,FD001,74,test_FD001.txt,1 (sea level),HPC degradation,IN_SERVICE,137
FD001-ENG-075,FD001,75,test_FD001.txt,1 (sea level),HPC degradation,IN_SERVICE,88
FD001-ENG-076,FD001,76,test_FD001.txt,1 (sea level),HPC degradation,IN_SERVICE,205
FD001-ENG-077,FD001,77,test_FD001.txt,1 (sea level),HPC degradation,IN_SERVICE,162
FD001-ENG-078,FD001,78,test_FD001.txt,1 (sea level),HPC degradation,IN_SERVICE,72
FD001-ENG-079,FD001,79,test_FD001.txt,1 (sea level),HPC degradation,IN_SERVICE,101
FD001-ENG-080,FD001,80,test_FD001.txt,1 (sea level),HPC degradation,IN_SERVICE,133
FD001-ENG-081,FD001,81,test_FD001.txt,1 (sea level),HPC degradation,IN_SERVICE,213
FD001-ENG-082,FD001,82,test_FD001.txt,1 (sea level),HPC degradation,IN_SERVICE,162
FD001-ENG-083,FD001,83,test_FD001.txt,1 (sea level),HPC degradation,IN_SERVICE,73
FD001-ENG-084,FD001,84,test_FD001.txt,1 (sea level),HPC degradation,IN_SERVICE,172
FD001-ENG-085,FD001,85,test_FD001.txt,1 (sea level),HPC degradation,IN_SERVICE,34
FD001-ENG-086,FD001,86,test_FD001.txt,1 (sea level),HPC degradation,IN_SERVICE,110
FD001-ENG-087,FD001,87,test_FD001.txt,1 (sea level),HPC degradation,IN_SERVICE,56
FD001-ENG-088,FD001,88,test_FD001.txt,1 (sea level),HPC degradation,IN_SERVICE,68
FD001-ENG-089,FD001,89,test_FD001.txt,1 (sea level),HPC degradation,IN_SERVICE,177
FD001-ENG-090,FD001,90,test_FD001.txt,1 (sea level),HPC degradation,IN_SERVICE,146
FD001-ENG-091,FD001,91,test_FD001.txt,1 (sea level),HPC degradation,IN_SERVICE,234
FD001-ENG-092,FD001,92,test_FD001.txt,1 (sea level),HPC degradation,IN_SERVICE,150
FD001-ENG-093,FD001,93,test_FD001.txt,1 (sea level),HPC degradation,IN_SERVICE,244
FD001-ENG-094,FD001,94,test_FD001.txt,1 (sea level),HPC degradation,IN_SERVICE,133
FD001-ENG-095,FD001,95,test_FD001.txt,1 (sea level),HPC degradation,IN_SERVICE,89
FD001-ENG-096,FD001,96,test_FD001.txt,1 (sea level),HPC degradation,IN_SERVICE,97
FD001-ENG-097,FD001,97,test_FD001.txt,1 (sea level),HPC degradation,IN_SERVICE,134
FD001-ENG-098,FD001,98,test_FD001.txt,1 (sea level),HPC degradation,IN_SERVICE,121
FD001-ENG-099,FD001,99,test_FD001.txt,1 (sea level),HPC degradation,IN_SERVICE,97
FD001-ENG-100,FD001,100,test_FD001.txt,1 (sea level),HPC degradation,IN_SERVICE,198
FD002-HIST-001,FD002,1,train_FD002.txt,6,HPC degradation,FAILED,149
FD002-HIST-002,FD002,2,train_FD002.txt,6,HPC degradation,FAILED,269
FD002-HIST-003,FD002,3,train_FD002.txt,6,HPC degradation,FAILED,206
FD002-HIST-004,FD002,4,train_FD002.txt,6,HPC degradation,FAILED,235
FD002-HIST-005,FD002,5,train_FD002.txt,6,HPC degradation,FAILED,154
FD002-HIST-006,FD002,6,train_FD002.txt,6,HPC degradation,FAILED,175
FD002-HIST-007,FD002,7,train_FD002.txt,6,HPC degradation,FAILED,174
FD002-HIST-008,FD002,8,train_FD002.txt,6,HPC degradation,FAILED,151
FD002-HIST-009,FD002,9,train_FD002.txt,6,HPC degradation,FAILED,199
FD002-HIST-010,FD002,10,train_FD002.txt,6,HPC degradation,FAILED,184
FD002-HIST-011,FD002,11,train_FD002.txt,6,HPC degradation,FAILED,271
FD002-HIST-012,FD002,12,train_FD002.txt,6,HPC degradation,FAILED,249
FD002-HIST-013,FD002,13,train_FD002.txt,6,HPC degradation,FAILED,227
FD002-HIST-014,FD002,14,train_FD002.txt,6,HPC degradation,FAILED,193
FD002-HIST-015,FD002,15,train_FD002.txt,6,HPC degradation,FAILED,209
FD002-HIST-016,FD002,16,train_FD002.txt,6,HPC degradation,FAILED,154
FD002-HIST-017,FD002,17,train_FD002.txt,6,HPC degradation,FAILED,180
FD002-HIST-018,FD002,18,train_FD002.txt,6,HPC degradation,FAILED,209
FD002-HIST-019,FD002,19,train_FD002.txt,6,HPC degradation,FAILED,163
FD002-HIST-020,FD002,20,train_FD002.txt,6,HPC degradation,FAILED,154
FD002-HIST-021,FD002,21,train_FD002.txt,6,HPC degradation,FAILED,189
FD002-HIST-022,FD002,22,train_FD002.txt,6,HPC degradation,FAILED,192
FD002-HIST-023,FD002,23,train_FD002.txt,6,HPC degradation,FAILED,211
FD002-HIST-024,FD002,24,train_FD002.txt,6,HPC degradation,FAILED,191
FD002-HIST-025,FD002,25,train_FD002.txt,6,HPC degradation,FAILED,205
FD002-HIST-026,FD002,26,train_FD002.txt,6,HPC degradation,FAILED,187
FD002-HIST-027,FD002,27,train_FD002.txt,6,HPC degradation,FAILED,176
FD002-HIST-028,FD002,28,train_FD002.txt,6,HPC degradation,FAILED,200
FD002-HIST-029,FD002,29,train_FD002.txt,6,HPC degradation,FAILED,151
FD002-HIST-030,FD002,30,train_FD002.txt,6,HPC degradation,FAILED,166
FD002-HIST-031,FD002,31,train_FD002.txt,6,HPC degradation,FAILED,343
FD002-HIST-032,FD002,32,train_FD002.txt,6,HPC degradation,FAILED,281
FD002-HIST-033,FD002,33,train_FD002.txt,6,HPC degradation,FAILED,195
FD002-HIST-034,FD002,34,train_FD002.txt,6,HPC degradation,FAILED,205
FD002-HIST-035,FD002,35,train_FD002.txt,6,HPC degradation,FAILED,196
FD002-HIST-036,FD002,36,train_FD002.txt,6,HPC degradation,FAILED,203
FD002-HIST-037,FD002,37,train_FD002.txt,6,HPC degradation,FAILED,210
FD002-HIST-038,FD002,38,train_FD002.txt,6,HPC degradation,FAILED,177
FD002-HIST-039,FD002,39,train_FD002.txt,6,HPC degradation,FAILED,214
FD002-HIST-040,FD002,40,train_FD002.txt,6,HPC degradation,FAILED,193
FD002-HIST-041,FD002,41,train_FD002.txt,6,HPC degradation,FAILED,262
FD002-HIST-042,FD002,42,train_FD002.txt,6,HPC degradation,FAILED,221
FD002-HIST-043,FD002,43,train_FD002.txt,6,HPC degradation,FAILED,211
FD002-HIST-044,FD002,44,train_FD002.txt,6,HPC degradation,FAILED,205
FD002-HIST-045,FD002,45,train_FD002.txt,6,HPC degradation,FAILED,151
FD002-HIST-046,FD002,46,train_FD002.txt,6,HPC degradation,FAILED,201
FD002-HIST-047,FD002,47,train_FD002.txt,6,HPC degradation,FAILED,246
FD002-HIST-048,FD002,48,train_FD002.txt,6,HPC degradation,FAILED,239
FD002-HIST-049,FD002,49,train_FD002.txt,6,HPC degradation,FAILED,168
FD002-HIST-050,FD002,50,train_FD002.txt,6,HPC degradation,FAILED,222
FD002-HIST-051,FD002,51,train_FD002.txt,6,HPC degradation,FAILED,293
FD002-HIST-052,FD002,52,train_FD002.txt,6,HPC degradation,FAILED,174
FD002-HIST-053,FD002,53,train_FD002.txt,6,HPC degradation,FAILED,148
FD002-HIST-054,FD002,54,train_FD002.txt,6,HPC degradation,FAILED,199
FD002-HIST-055,FD002,55,train_FD002.txt,6,HPC degradation,FAILED,159
FD002-HIST-056,FD002,56,train_FD002.txt,6,HPC degradation,FAILED,163
FD002-HIST-057,FD002,57,train_FD002.txt,6,HPC degradation,FAILED,140
FD002-HIST-058,FD002,58,train_FD002.txt,6,HPC degradation,FAILED,162
FD002-HIST-059,FD002,59,train_FD002.txt,6,HPC degradation,FAILED,194
FD002-HIST-060,FD002,60,train_FD002.txt,6,HPC degradation,FAILED,177
FD002-HIST-061,FD002,61,train_FD002.txt,6,HPC degradation,FAILED,218
FD002-HIST-062,FD002,62,train_FD002.txt,6,HPC degradation,FAILED,184
FD002-HIST-063,FD002,63,train_FD002.txt,6,HPC degradation,FAILED,168
FD002-HIST-064,FD002,64,train_FD002.txt,6,HPC degradation,FAILED,282
FD002-HIST-065,FD002,65,train_FD002.txt,6,HPC degradation,FAILED,206
FD002-HIST-066,FD002,66,train_FD002.txt,6,HPC degradation,FAILED,170
FD002-HIST-067,FD002,67,train_FD002.txt,6,HPC degradation,FAILED,145
FD002-HIST-068,FD002,68,train_FD002.txt,6,HPC degradation,FAILED,185
FD002-HIST-069,FD002,69,train_FD002.txt,6,HPC degradation,FAILED,136
FD002-HIST-070,FD002,70,train_FD002.txt,6,HPC degradation,FAILED,156
FD002-HIST-071,FD002,71,train_FD002.txt,6,HPC degradation,FAILED,194
FD002-HIST-072,FD002,72,train_FD002.txt,6,HPC degradation,FAILED,196
FD002-HIST-073,FD002,73,train_FD002.txt,6,HPC degradation,FAILED,239
FD002-HIST-074,FD002,74,train_FD002.txt,6,HPC degradation,FAILED,158
FD002-HIST-075,FD002,75,train_FD002.txt,6,HPC degradation,FAILED,231
FD002-HIST-076,FD002,76,train_FD002.txt,6,HPC degradation,FAILED,244
FD002-HIST-077,FD002,77,train_FD002.txt,6,HPC degradation,FAILED,185
FD002-HIST-078,FD002,78,train_FD002.txt,6,HPC degradation,FAILED,161
FD002-HIST-079,FD002,79,train_FD002.txt,6,HPC degradation,FAILED,181
FD002-HIST-080,FD002,80,train_FD002.txt,6,HPC degradation,FAILED,221
FD002-HIST-081,FD002,81,train_FD002.txt,6,HPC degradation,FAILED,288
FD002-HIST-082,FD002,82,train_FD002.txt,6,HPC degradation,FAILED,200
FD002-HIST-083,FD002,83,train_FD002.txt,6,HPC degradation,FAILED,170
FD002-HIST-084,FD002,84,train_FD002.txt,6,HPC degradation,FAILED,259
FD002-HIST-085,FD002,85,train_FD002.txt,6,HPC degradation,FAILED,347
FD002-HIST-086,FD002,86,train_FD002.txt,6,HPC degradation,FAILED,190
FD002-HIST-087,FD002,87,train_FD002.txt,6,HPC degradation,FAILED,170
FD002-HIST-088,FD002,88,train_FD002.txt,6,HPC degradation,FAILED,365
FD002-HIST-089,FD002,89,train_FD002.txt,6,HPC degradation,FAILED,188
FD002-HIST-090,FD002,90,train_FD002.txt,6,HPC degradation,FAILED,188
FD002-HIST-091,FD002,91,train_FD002.txt,6,HPC degradation,FAILED,245
FD002-HIST-092,FD002,92,train_FD002.txt,6,HPC degradation,FAILED,188
FD002-HIST-093,FD002,93,train_FD002.txt,6,HPC degradation,FAILED,189
FD002-HIST-094,FD002,94,train_FD002.txt,6,HPC degradation,FAILED,306
FD002-HIST-095,FD002,95,train_FD002.txt,6,HPC degradation,FAILED,198
FD002-HIST-096,FD002,96,train_FD002.txt,6,HPC degradation,FAILED,208
FD002-HIST-097,FD002,97,train_FD002.txt,6,HPC degradation,FAILED,145
FD002-HIST-098,FD002,98,train_FD002.txt,6,HPC degradation,FAILED,167
FD002-HIST-099,FD002,99,train_FD002.txt,6,HPC degradation,FAILED,202
FD002-HIST-100,FD002,100,train_FD002.txt,6,HPC degradation,FAILED,212
FD002-HIST-101,FD002,101,train_FD002.txt,6,HPC degradation,FAILED,211
FD002-HIST-102,FD002,102,train_FD002.txt,6,HPC degradation,FAILED,164
FD002-HIST-103,FD002,103,train_FD002.txt,6,HPC degradation,FAILED,280
FD002-HIST-104,FD002,104,train_FD002.txt,6,HPC degradation,FAILED,228
FD002-HIST-105,FD002,105,train_FD002.txt,6,HPC degradation,FAILED,303
FD002-HIST-106,FD002,106,train_FD002.txt,6,HPC degradation,FAILED,272
FD002-HIST-107,FD002,107,train_FD002.txt,6,HPC degradation,FAILED,145
FD002-HIST-108,FD002,108,train_FD002.txt,6,HPC degradation,FAILED,156
FD002-HIST-109,FD002,109,train_FD002.txt,6,HPC degradation,FAILED,220
FD002-HIST-110,FD002,110,train_FD002.txt,6,HPC degradation,FAILED,221
FD002-HIST-111,FD002,111,train_FD002.txt,6,HPC degradation,FAILED,200
FD002-HIST-112,FD002,112,train_FD002.txt,6,HPC degradation,FAILED,378
FD002-HIST-113,FD002,113,train_FD002.txt,6,HPC degradation,FAILED,232
FD002-HIST-114,FD002,114,train_FD002.txt,6,HPC degradation,FAILED,203
FD002-HIST-115,FD002,115,train_FD002.txt,6,HPC degradation,FAILED,206
FD002-HIST-116,FD002,116,train_FD002.txt,6,HPC degradation,FAILED,207
FD002-HIST-117,FD002,117,train_FD002.txt,6,HPC degradation,FAILED,177
FD002-HIST-118,FD002,118,train_FD002.txt,6,HPC degradation,FAILED,344
FD002-HIST-119,FD002,119,train_FD002.txt,6,HPC degradation,FAILED,174
FD002-HIST-120,FD002,120,train_FD002.txt,6,HPC degradation,FAILED,129
FD002-HIST-121,FD002,121,train_FD002.txt,6,HPC degradation,FAILED,210
FD002-HIST-122,FD002,122,train_FD002.txt,6,HPC degradation,FAILED,185
FD002-HIST-123,FD002,123,train_FD002.txt,6,HPC degradation,FAILED,226
FD002-HIST-124,FD002,124,train_FD002.txt,6,HPC degradation,FAILED,267
FD002-HIST-125,FD002,125,train_FD002.txt,6,HPC degradation,FAILED,168
FD002-HIST-126,FD002,126,train_FD002.txt,6,HPC degradation,FAILED,199
FD002-HIST-127,FD002,127,train_FD002.txt,6,HPC degradation,FAILED,256
FD002-HIST-128,FD002,128,train_FD002.txt,6,HPC degradation,FAILED,303
FD002-HIST-129,FD002,129,train_FD002.txt,6,HPC degradation,FAILED,202
FD002-HIST-130,FD002,130,train_FD002.txt,6,HPC degradation,FAILED,182
FD002-HIST-131,FD002,131,train_FD002.txt,6,HPC degradation,FAILED,280
FD002-HIST-132,FD002,132,train_FD002.txt,6,HPC degradation,FAILED,183
FD002-HIST-133,FD002,133,train_FD002.txt,6,HPC degradation,FAILED,159
FD002-HIST-134,FD002,134,train_FD002.txt,6,HPC degradation,FAILED,247
FD002-HIST-135,FD002,135,train_FD002.txt,6,HPC degradation,FAILED,294
FD002-HIST-136,FD002,136,train_FD002.txt,6,HPC degradation,FAILED,160
FD002-HIST-137,FD002,137,train_FD002.txt,6,HPC degradation,FAILED,148
FD002-HIST-138,FD002,138,train_FD002.txt,6,HPC degradation,FAILED,200
FD002-HIST-139,FD002,139,train_FD002.txt,6,HPC degradation,FAILED,194
FD002-HIST-140,FD002,140,train_FD002.txt,6,HPC degradation,FAILED,214
FD002-HIST-141,FD002,141,train_FD002.txt,6,HPC degradation,FAILED,163
FD002-HIST-142,FD002,142,train_FD002.txt,6,HPC degradation,FAILED,208
FD002-HIST-143,FD002,143,train_FD002.txt,6,HPC degradation,FAILED,166
FD002-HIST-144,FD002,144,train_FD002.txt,6,HPC degradation,FAILED,224
FD002-HIST-145,FD002,145,train_FD002.txt,6,HPC degradation,FAILED,251
FD002-HIST-146,FD002,146,train_FD002.txt,6,HPC degradation,FAILED,263
FD002-HIST-147,FD002,147,train_FD002.txt,6,HPC degradation,FAILED,207
FD002-HIST-148,FD002,148,train_FD002.txt,6,HPC degradation,FAILED,279
FD002-HIST-149,FD002,149,train_FD002.txt,6,HPC degradation,FAILED,289
FD002-HIST-150,FD002,150,train_FD002.txt,6,HPC degradation,FAILED,222
FD002-HIST-151,FD002,151,train_FD002.txt,6,HPC degradation,FAILED,177
FD002-HIST-152,FD002,152,train_FD002.txt,6,HPC degradation,FAILED,184
FD002-HIST-153,FD002,153,train_FD002.txt,6,HPC degradation,FAILED,292
FD002-HIST-154,FD002,154,train_FD002.txt,6,HPC degradation,FAILED,193
FD002-HIST-155,FD002,155,train_FD002.txt,6,HPC degradation,FAILED,226
FD002-HIST-156,FD002,156,train_FD002.txt,6,HPC degradation,FAILED,299
FD002-HIST-157,FD002,157,train_FD002.txt,6,HPC degradation,FAILED,237
FD002-HIST-158,FD002,158,train_FD002.txt,6,HPC degradation,FAILED,308
FD002-HIST-159,FD002,159,train_FD002.txt,6,HPC degradation,FAILED,241
FD002-HIST-160,FD002,160,train_FD002.txt,6,HPC degradation,FAILED,212
FD002-HIST-161,FD002,161,train_FD002.txt,6,HPC degradation,FAILED,224
FD002-HIST-162,FD002,162,train_FD002.txt,6,HPC degradation,FAILED,194
FD002-HIST-163,FD002,163,train_FD002.txt,6,HPC degradation,FAILED,203
FD002-HIST-164,FD002,164,train_FD002.txt,6,HPC degradation,FAILED,249
FD002-HIST-165,FD002,165,train_FD002.txt,6,HPC degradation,FAILED,165
FD002-HIST-166,FD002,166,train_FD002.txt,6,HPC degradation,FAILED,204
FD002-HIST-167,FD002,167,train_FD002.txt,6,HPC degradation,FAILED,232
FD002-HIST-168,FD002,168,train_FD002.txt,6,HPC degradation,FAILED,217
FD002-HIST-169,FD002,169,train_FD002.txt,6,HPC degradation,FAILED,185
FD002-HIST-170,FD002,170,train_FD002.txt,6,HPC degradation,FAILED,179
FD002-HIST-171,FD002,171,train_FD002.txt,6,HPC degradation,FAILED,258
FD002-HIST-172,FD002,172,train_FD002.txt,6,HPC degradation,FAILED,174
FD002-HIST-173,FD002,173,train_FD002.txt,6,HPC degradation,FAILED,151
FD002-HIST-174,FD002,174,train_FD002.txt,6,HPC degradation,FAILED,193
FD002-HIST-175,FD002,175,train_FD002.txt,6,HPC degradation,FAILED,202
FD002-HIST-176,FD002,176,train_FD002.txt,6,HPC degradation,FAILED,164
FD002-HIST-177,FD002,177,train_FD002.txt,6,HPC degradation,FAILED,181
FD002-HIST-178,FD002,178,train_FD002.txt,6,HPC degradation,FAILED,148
FD002-HIST-179,FD002,179,train_FD002.txt,6,HPC degradation,FAILED,181
FD002-HIST-180,FD002,180,train_FD002.txt,6,HPC degradation,FAILED,297
FD002-HIST-181,FD002,181,train_FD002.txt,6,HPC degradation,FAILED,255
FD002-HIST-182,FD002,182,train_FD002.txt,6,HPC degradation,FAILED,200
FD002-HIST-183,FD002,183,train_FD002.txt,6,HPC degradation,FAILED,207
FD002-HIST-184,FD002,184,train_FD002.txt,6,HPC degradation,FAILED,171
FD002-HIST-185,FD002,185,train_FD002.txt,6,HPC degradation,FAILED,162
FD002-HIST-186,FD002,186,train_FD002.txt,6,HPC degradation,FAILED,194
FD002-HIST-187,FD002,187,train_FD002.txt,6,HPC degradation,FAILED,168
FD002-HIST-188,FD002,188,train_FD002.txt,6,HPC degradation,FAILED,148
FD002-HIST-189,FD002,189,train_FD002.txt,6,HPC degradation,FAILED,209
FD002-HIST-190,FD002,190,train_FD002.txt,6,HPC degradation,FAILED,257
FD002-HIST-191,FD002,191,train_FD002.txt,6,HPC degradation,FAILED,219
FD002-HIST-192,FD002,192,train_FD002.txt,6,HPC degradation,FAILED,133
FD002-HIST-193,FD002,193,train_FD002.txt,6,HPC degradation,FAILED,172
FD002-HIST-194,FD002,194,train_FD002.txt,6,HPC degradation,FAILED,148
FD002-HIST-195,FD002,195,train_FD002.txt,6,HPC degradation,FAILED,190
FD002-HIST-196,FD002,196,train_FD002.txt,6,HPC degradation,FAILED,239
FD002-HIST-197,FD002,197,train_FD002.txt,6,HPC degradation,FAILED,154
FD002-HIST-198,FD002,198,train_FD002.txt,6,HPC degradation,FAILED,205
FD002-HIST-199,FD002,199,train_FD002.txt,6,HPC degradation,FAILED,219
FD002-HIST-200,FD002,200,train_FD002.txt,6,HPC degradation,FAILED,227
FD002-HIST-201,FD002,201,train_FD002.txt,6,HPC degradation,FAILED,191
FD002-HIST-202,FD002,202,train_FD002.txt,6,HPC degradation,FAILED,197
FD002-HIST-203,FD002,203,train_FD002.txt,6,HPC degradation,FAILED,269
FD002-HIST-204,FD002,204,train_FD002.txt,6,HPC degradation,FAILED,237
FD002-HIST-205,FD002,205,train_FD002.txt,6,HPC degradation,FAILED,198
FD002-HIST-206,FD002,206,train_FD002.txt,6,HPC degradation,FAILED,221
FD002-HIST-207,FD002,207,train_FD002.txt,6,HPC degradation,FAILED,184
FD002-HIST-208,FD002,208,train_FD002.txt,6,HPC degradation,FAILED,150
FD002-HIST-209,FD002,209,train_FD002.txt,6,HPC degradation,FAILED,201
FD002-HIST-210,FD002,210,train_FD002.txt,6,HPC degradation,FAILED,184
FD002-HIST-211,FD002,211,train_FD002.txt,6,HPC degradation,FAILED,214
FD002-HIST-212,FD002,212,train_FD002.txt,6,HPC degradation,FAILED,149
FD002-HIST-213,FD002,213,train_FD002.txt,6,HPC degradation,FAILED,196
FD002-HIST-214,FD002,214,train_FD002.txt,6,HPC degradation,FAILED,146
FD002-HIST-215,FD002,215,train_FD002.txt,6,HPC degradation,FAILED,226
FD002-HIST-216,FD002,216,train_FD002.txt,6,HPC degradation,FAILED,229
FD002-HIST-217,FD002,217,train_FD002.txt,6,HPC degradation,FAILED,162
FD002-HIST-218,FD002,218,train_FD002.txt,6,HPC degradation,FAILED,237
FD002-HIST-219,FD002,219,train_FD002.txt,6,HPC degradation,FAILED,156
FD002-HIST-220,FD002,220,train_FD002.txt,6,HPC degradation,FAILED,234
FD002-HIST-221,FD002,221,train_FD002.txt,6,HPC degradation,FAILED,178
FD002-HIST-222,FD002,222,train_FD002.txt,6,HPC degradation,FAILED,195
FD002-HIST-223,FD002,223,train_FD002.txt,6,HPC degradation,FAILED,218
FD002-HIST-224,FD002,224,train_FD002.txt,6,HPC degradation,FAILED,174
FD002-HIST-225,FD002,225,train_FD002.txt,6,HPC degradation,FAILED,156
FD002-HIST-226,FD002,226,train_FD002.txt,6,HPC degradation,FAILED,178
FD002-HIST-227,FD002,227,train_FD002.txt,6,HPC degradation,FAILED,184
FD002-HIST-228,FD002,228,train_FD002.txt,6,HPC degradation,FAILED,262
FD002-HIST-229,FD002,229,train_FD002.txt,6,HPC degradation,FAILED,176
FD002-HIST-230,FD002,230,train_FD002.txt,6,HPC degradation,FAILED,186
FD002-HIST-231,FD002,231,train_FD002.txt,6,HPC degradation,FAILED,144
FD002-HIST-232,FD002,232,train_FD002.txt,6,HPC degradation,FAILED,242
FD002-HIST-233,FD002,233,train_FD002.txt,6,HPC degradation,FAILED,190
FD002-HIST-234,FD002,234,train_FD002.txt,6,HPC degradation,FAILED,159
FD002-HIST-235,FD002,235,train_FD002.txt,6,HPC degradation,FAILED,183
FD002-HIST-236,FD002,236,train_FD002.txt,6,HPC degradation,FAILED,239
FD002-HIST-237,FD002,237,train_FD002.txt,6,HPC degradation,FAILED,209
FD002-HIST-238,FD002,238,train_FD002.txt,6,HPC degradation,FAILED,156
FD002-HIST-239,FD002,239,train_FD002.txt,6,HPC degradation,FAILED,263
FD002-HIST-240,FD002,240,train_FD002.txt,6,HPC degradation,FAILED,266
FD002-HIST-241,FD002,241,train_FD002.txt,6,HPC degradation,FAILED,183
FD002-HIST-242,FD002,242,train_FD002.txt,6,HPC degradation,FAILED,273
FD002-HIST-243,FD002,243,train_FD002.txt,6,HPC degradation,FAILED,230
FD002-HIST-244,FD002,244,train_FD002.txt,6,HPC degradation,FAILED,128
FD002-HIST-245,FD002,245,train_FD002.txt,6,HPC degradation,FAILED,253
FD002-HIST-246,FD002,246,train_FD002.txt,6,HPC degradation,FAILED,194
FD002-HIST-247,FD002,247,train_FD002.txt,6,HPC degradation,FAILED,197
FD002-HIST-248,FD002,248,train_FD002.txt,6,HPC degradation,FAILED,234
FD002-HIST-249,FD002,249,train_FD002.txt,6,HPC degradation,FAILED,202
FD002-HIST-250,FD002,250,train_FD002.txt,6,HPC degradation,FAILED,184
FD002-HIST-251,FD002,251,train_FD002.txt,6,HPC degradation,FAILED,266
FD002-HIST-252,FD002,252,train_FD002.txt,6,HPC degradation,FAILED,135
FD002-HIST-253,FD002,253,train_FD002.txt,6,HPC degradation,FAILED,149
FD002-HIST-254,FD002,254,train_FD002.txt,6,HPC degradation,FAILED,260
FD002-HIST-255,FD002,255,train_FD002.txt,6,HPC degradation,FAILED,340
FD002-HIST-256,FD002,256,train_FD002.txt,6,HPC degradation,FAILED,163
FD002-HIST-257,FD002,257,train_FD002.txt,6,HPC degradation,FAILED,309
FD002-HIST-258,FD002,258,train_FD002.txt,6,HPC degradation,FAILED,143
FD002-HIST-259,FD002,259,train_FD002.txt,6,HPC degradation,FAILED,205
FD002-HIST-260,FD002,260,train_FD002.txt,6,HPC degradation,FAILED,316
FD002-ENG-001,FD002,1,test_FD002.txt,6,HPC degradation,IN_SERVICE,258
FD002-ENG-002,FD002,2,test_FD002.txt,6,HPC degradation,IN_SERVICE,55
FD002-ENG-003,FD002,3,test_FD002.txt,6,HPC degradation,IN_SERVICE,165
FD002-ENG-004,FD002,4,test_FD002.txt,6,HPC degradation,IN_SERVICE,86
FD002-ENG-005,FD002,5,test_FD002.txt,6,HPC degradation,IN_SERVICE,148
FD002-ENG-006,FD002,6,test_FD002.txt,6,HPC degradation,IN_SERVICE,63
FD002-ENG-007,FD002,7,test_FD002.txt,6,HPC degradation,IN_SERVICE,184
FD002-ENG-008,FD002,8,test_FD002.txt,6,HPC degradation,IN_SERVICE,173
FD002-ENG-009,FD002,9,test_FD002.txt,6,HPC degradation,IN_SERVICE,161
FD002-ENG-010,FD002,10,test_FD002.txt,6,HPC degradation,IN_SERVICE,84
FD002-ENG-011,FD002,11,test_FD002.txt,6,HPC degradation,IN_SERVICE,162
FD002-ENG-012,FD002,12,test_FD002.txt,6,HPC degradation,IN_SERVICE,74
FD002-ENG-013,FD002,13,test_FD002.txt,6,HPC degradation,IN_SERVICE,164
FD002-ENG-014,FD002,14,test_FD002.txt,6,HPC degradation,IN_SERVICE,160
FD002-ENG-015,FD002,15,test_FD002.txt,6,HPC degradation,IN_SERVICE,165
FD002-ENG-016,FD002,16,test_FD002.txt,6,HPC degradation,IN_SERVICE,88
FD002-ENG-017,FD002,17,test_FD002.txt,6,HPC degradation,IN_SERVICE,264
FD002-ENG-018,FD002,18,test_FD002.txt,6,HPC degradation,IN_SERVICE,40
FD002-ENG-019,FD002,19,test_FD002.txt,6,HPC degradation,IN_SERVICE,172
FD002-ENG-020,FD002,20,test_FD002.txt,6,HPC degradation,IN_SERVICE,101
FD002-ENG-021,FD002,21,test_FD002.txt,6,HPC degradation,IN_SERVICE,128
FD002-ENG-022,FD002,22,test_FD002.txt,6,HPC degradation,IN_SERVICE,159
FD002-ENG-023,FD002,23,test_FD002.txt,6,HPC degradation,IN_SERVICE,49
FD002-ENG-024,FD002,24,test_FD002.txt,6,HPC degradation,IN_SERVICE,210
FD002-ENG-025,FD002,25,test_FD002.txt,6,HPC degradation,IN_SERVICE,147
FD002-ENG-026,FD002,26,test_FD002.txt,6,HPC degradation,IN_SERVICE,76
FD002-ENG-027,FD002,27,test_FD002.txt,6,HPC degradation,IN_SERVICE,68
FD002-ENG-028,FD002,28,test_FD002.txt,6,HPC degradation,IN_SERVICE,23
FD002-ENG-029,FD002,29,test_FD002.txt,6,HPC degradation,IN_SERVICE,101
FD002-ENG-030,FD002,30,test_FD002.txt,6,HPC degradation,IN_SERVICE,184
FD002-ENG-031,FD002,31,test_FD002.txt,6,HPC degradation,IN_SERVICE,123
FD002-ENG-032,FD002,32,test_FD002.txt,6,HPC degradation,IN_SERVICE,170
FD002-ENG-033,FD002,33,test_FD002.txt,6,HPC degradation,IN_SERVICE,135
FD002-ENG-034,FD002,34,test_FD002.txt,6,HPC degradation,IN_SERVICE,52
FD002-ENG-035,FD002,35,test_FD002.txt,6,HPC degradation,IN_SERVICE,77
FD002-ENG-036,FD002,36,test_FD002.txt,6,HPC degradation,IN_SERVICE,163
FD002-ENG-037,FD002,37,test_FD002.txt,6,HPC degradation,IN_SERVICE,49
FD002-ENG-038,FD002,38,test_FD002.txt,6,HPC degradation,IN_SERVICE,127
FD002-ENG-039,FD002,39,test_FD002.txt,6,HPC degradation,IN_SERVICE,149
FD002-ENG-040,FD002,40,test_FD002.txt,6,HPC degradation,IN_SERVICE,183
FD002-ENG-041,FD002,41,test_FD002.txt,6,HPC degradation,IN_SERVICE,210
FD002-ENG-042,FD002,42,test_FD002.txt,6,HPC degradation,IN_SERVICE,137
FD002-ENG-043,FD002,43,test_FD002.txt,6,HPC degradation,IN_SERVICE,184
FD002-ENG-044,FD002,44,test_FD002.txt,6,HPC degradation,IN_SERVICE,164
FD002-ENG-045,FD002,45,test_FD002.txt,6,HPC degradation,IN_SERVICE,195
FD002-ENG-046,FD002,46,test_FD002.txt,6,HPC degradation,IN_SERVICE,132
FD002-ENG-047,FD002,47,test_FD002.txt,6,HPC degradation,IN_SERVICE,81
FD002-ENG-048,FD002,48,test_FD002.txt,6,HPC degradation,IN_SERVICE,132
FD002-ENG-049,FD002,49,test_FD002.txt,6,HPC degradation,IN_SERVICE,65
FD002-ENG-050,FD002,50,test_FD002.txt,6,HPC degradation,IN_SERVICE,164
FD002-ENG-051,FD002,51,test_FD002.txt,6,HPC degradation,IN_SERVICE,37
FD002-ENG-052,FD002,52,test_FD002.txt,6,HPC degradation,IN_SERVICE,165
FD002-ENG-053,FD002,53,test_FD002.txt,6,HPC degradation,IN_SERVICE,149
FD002-ENG-054,FD002,54,test_FD002.txt,6,HPC degradation,IN_SERVICE,74
FD002-ENG-055,FD002,55,test_FD002.txt,6,HPC degradation,IN_SERVICE,123
FD002-ENG-056,FD002,56,test_FD002.txt,6,HPC degradation,IN_SERVICE,73
FD002-ENG-057,FD002,57,test_FD002.txt,6,HPC degradation,IN_SERVICE,76
FD002-ENG-058,FD002,58,test_FD002.txt,6,HPC degradation,IN_SERVICE,247
FD002-ENG-059,FD002,59,test_FD002.txt,6,HPC degradation,IN_SERVICE,22
FD002-ENG-060,FD002,60,test_FD002.txt,6,HPC degradation,IN_SERVICE,144
FD002-ENG-061,FD002,61,test_FD002.txt,6,HPC degradation,IN_SERVICE,70
FD002-ENG-062,FD002,62,test_FD002.txt,6,HPC degradation,IN_SERVICE,205
FD002-ENG-063,FD002,63,test_FD002.txt,6,HPC degradation,IN_SERVICE,174
FD002-ENG-064,FD002,64,test_FD002.txt,6,HPC degradation,IN_SERVICE,233
FD002-ENG-065,FD002,65,test_FD002.txt,6,HPC degradation,IN_SERVICE,367
FD002-ENG-066,FD002,66,test_FD002.txt,6,HPC degradation,IN_SERVICE,63
FD002-ENG-067,FD002,67,test_FD002.txt,6,HPC degradation,IN_SERVICE,146
FD002-ENG-068,FD002,68,test_FD002.txt,6,HPC degradation,IN_SERVICE,218
FD002-ENG-069,FD002,69,test_FD002.txt,6,HPC degradation,IN_SERVICE,158
FD002-ENG-070,FD002,70,test_FD002.txt,6,HPC degradation,IN_SERVICE,264
FD002-ENG-071,FD002,71,test_FD002.txt,6,HPC degradation,IN_SERVICE,65
FD002-ENG-072,FD002,72,test_FD002.txt,6,HPC degradation,IN_SERVICE,143
FD002-ENG-073,FD002,73,test_FD002.txt,6,HPC degradation,IN_SERVICE,151
FD002-ENG-074,FD002,74,test_FD002.txt,6,HPC degradation,IN_SERVICE,103
FD002-ENG-075,FD002,75,test_FD002.txt,6,HPC degradation,IN_SERVICE,192
FD002-ENG-076,FD002,76,test_FD002.txt,6,HPC degradation,IN_SERVICE,222
FD002-ENG-077,FD002,77,test_FD002.txt,6,HPC degradation,IN_SERVICE,67
FD002-ENG-078,FD002,78,test_FD002.txt,6,HPC degradation,IN_SERVICE,128
FD002-ENG-079,FD002,79,test_FD002.txt,6,HPC degradation,IN_SERVICE,113
FD002-ENG-080,FD002,80,test_FD002.txt,6,HPC degradation,IN_SERVICE,278
FD002-ENG-081,FD002,81,test_FD002.txt,6,HPC degradation,IN_SERVICE,76
FD002-ENG-082,FD002,82,test_FD002.txt,6,HPC degradation,IN_SERVICE,96
FD002-ENG-083,FD002,83,test_FD002.txt,6,HPC degradation,IN_SERVICE,21
FD002-ENG-084,FD002,84,test_FD002.txt,6,HPC degradation,IN_SERVICE,204
FD002-ENG-085,FD002,85,test_FD002.txt,6,HPC degradation,IN_SERVICE,183
FD002-ENG-086,FD002,86,test_FD002.txt,6,HPC degradation,IN_SERVICE,83
FD002-ENG-087,FD002,87,test_FD002.txt,6,HPC degradation,IN_SERVICE,131
FD002-ENG-088,FD002,88,test_FD002.txt,6,HPC degradation,IN_SERVICE,166
FD002-ENG-089,FD002,89,test_FD002.txt,6,HPC degradation,IN_SERVICE,59
FD002-ENG-090,FD002,90,test_FD002.txt,6,HPC degradation,IN_SERVICE,163
FD002-ENG-091,FD002,91,test_FD002.txt,6,HPC degradation,IN_SERVICE,278
FD002-ENG-092,FD002,92,test_FD002.txt,6,HPC degradation,IN_SERVICE,123
FD002-ENG-093,FD002,93,test_FD002.txt,6,HPC degradation,IN_SERVICE,76
FD002-ENG-094,FD002,94,test_FD002.txt,6,HPC degradation,IN_SERVICE,117
FD002-ENG-095,FD002,95,test_FD002.txt,6,HPC degradation,IN_SERVICE,78
FD002-ENG-096,FD002,96,test_FD002.txt,6,HPC degradation,IN_SERVICE,140
FD002-ENG-097,FD002,97,test_FD002.txt,6,HPC degradation,IN_SERVICE,213
FD002-ENG-098,FD002,98,test_FD002.txt,6,HPC degradation,IN_SERVICE,113
FD002-ENG-099,FD002,99,test_FD002.txt,6,HPC degradation,IN_SERVICE,163
FD002-ENG-100,FD002,100,test_FD002.txt,6,HPC degradation,IN_SERVICE,149
FD002-ENG-101,FD002,101,test_FD002.txt,6,HPC degradation,IN_SERVICE,38
FD002-ENG-102,FD002,102,test_FD002.txt,6,HPC degradation,IN_SERVICE,122
FD002-ENG-103,FD002,103,test_FD002.txt,6,HPC degradation,IN_SERVICE,186
FD002-ENG-104,FD002,104,test_FD002.txt,6,HPC degradation,IN_SERVICE,141
FD002-ENG-105,FD002,105,test_FD002.txt,6,HPC degradation,IN_SERVICE,61
FD002-ENG-106,FD002,106,test_FD002.txt,6,HPC degradation,IN_SERVICE,72
FD002-ENG-107,FD002,107,test_FD002.txt,6,HPC degradation,IN_SERVICE,132
FD002-ENG-108,FD002,108,test_FD002.txt,6,HPC degradation,IN_SERVICE,174
FD002-ENG-109,FD002,109,test_FD002.txt,6,HPC degradation,IN_SERVICE,144
FD002-ENG-110,FD002,110,test_FD002.txt,6,HPC degradation,IN_SERVICE,219
FD002-ENG-111,FD002,111,test_FD002.txt,6,HPC degradation,IN_SERVICE,131
FD002-ENG-112,FD002,112,test_FD002.txt,6,HPC degradation,IN_SERVICE,109
FD002-ENG-113,FD002,113,test_FD002.txt,6,HPC degradation,IN_SERVICE,45
FD002-ENG-114,FD002,114,test_FD002.txt,6,HPC degradation,IN_SERVICE,153
FD002-ENG-115,FD002,115,test_FD002.txt,6,HPC degradation,IN_SERVICE,210
FD002-ENG-116,FD002,116,test_FD002.txt,6,HPC degradation,IN_SERVICE,171
FD002-ENG-117,FD002,117,test_FD002.txt,6,HPC degradation,IN_SERVICE,55
FD002-ENG-118,FD002,118,test_FD002.txt,6,HPC degradation,IN_SERVICE,97
FD002-ENG-119,FD002,119,test_FD002.txt,6,HPC degradation,IN_SERVICE,202
FD002-ENG-120,FD002,120,test_FD002.txt,6,HPC degradation,IN_SERVICE,160
FD002-ENG-121,FD002,121,test_FD002.txt,6,HPC degradation,IN_SERVICE,59
FD002-ENG-122,FD002,122,test_FD002.txt,6,HPC degradation,IN_SERVICE,29
FD002-ENG-123,FD002,123,test_FD002.txt,6,HPC degradation,IN_SERVICE,61
FD002-ENG-124,FD002,124,test_FD002.txt,6,HPC degradation,IN_SERVICE,149
FD002-ENG-125,FD002,125,test_FD002.txt,6,HPC degradation,IN_SERVICE,79
FD002-ENG-126,FD002,126,test_FD002.txt,6,HPC degradation,IN_SERVICE,99
FD002-ENG-127,FD002,127,test_FD002.txt,6,HPC degradation,IN_SERVICE,126
FD002-ENG-128,FD002,128,test_FD002.txt,6,HPC degradation,IN_SERVICE,110
FD002-ENG-129,FD002,129,test_FD002.txt,6,HPC degradation,IN_SERVICE,218
FD002-ENG-130,FD002,130,test_FD002.txt,6,HPC degradation,IN_SERVICE,141
FD002-ENG-131,FD002,131,test_FD002.txt,6,HPC degradation,IN_SERVICE,73
FD002-ENG-132,FD002,132,test_FD002.txt,6,HPC degradation,IN_SERVICE,122
FD002-ENG-133,FD002,133,test_FD002.txt,6,HPC degradation,IN_SERVICE,186
FD002-ENG-134,FD002,134,test_FD002.txt,6,HPC degradation,IN_SERVICE,186
FD002-ENG-135,FD002,135,test_FD002.txt,6,HPC degradation,IN_SERVICE,120
FD002-ENG-136,FD002,136,test_FD002.txt,6,HPC degradation,IN_SERVICE,77
FD002-ENG-137,FD002,137,test_FD002.txt,6,HPC degradation,IN_SERVICE,226
FD002-ENG-138,FD002,138,test_FD002.txt,6,HPC degradation,IN_SERVICE,200
FD002-ENG-139,FD002,139,test_FD002.txt,6,HPC degradation,IN_SERVICE,116
FD002-ENG-140,FD002,140,test_FD002.txt,6,HPC degradation,IN_SERVICE,306
FD002-ENG-141,FD002,141,test_FD002.txt,6,HPC degradation,IN_SERVICE,69
FD002-ENG-142,FD002,142,test_FD002.txt,6,HPC degradation,IN_SERVICE,163
FD002-ENG-143,FD002,143,test_FD002.txt,6,HPC degradation,IN_SERVICE,226
FD002-ENG-144,FD002,144,test_FD002.txt,6,HPC degradation,IN_SERVICE,143
FD002-ENG-145,FD002,145,test_FD002.txt,6,HPC degradation,IN_SERVICE,142
FD002-ENG-146,FD002,146,test_FD002.txt,6,HPC degradation,IN_SERVICE,144
FD002-ENG-147,FD002,147,test_FD002.txt,6,HPC degradation,IN_SERVICE,78
FD002-ENG-148,FD002,148,test_FD002.txt,6,HPC degradation,IN_SERVICE,157
FD002-ENG-149,FD002,149,test_FD002.txt,6,HPC degradation,IN_SERVICE,70
FD002-ENG-150,FD002,150,test_FD002.txt,6,HPC degradation,IN_SERVICE,196
FD002-ENG-151,FD002,151,test_FD002.txt,6,HPC degradation,IN_SERVICE,141
FD002-ENG-152,FD002,152,test_FD002.txt,6,HPC degradation,IN_SERVICE,90
FD002-ENG-153,FD002,153,test_FD002.txt,6,HPC degradation,IN_SERVICE,146
FD002-ENG-154,FD002,154,test_FD002.txt,6,HPC degradation,IN_SERVICE,58
FD002-ENG-155,FD002,155,test_FD002.txt,6,HPC degradation,IN_SERVICE,72
FD002-ENG-156,FD002,156,test_FD002.txt,6,HPC degradation,IN_SERVICE,75
FD002-ENG-157,FD002,157,test_FD002.txt,6,HPC degradation,IN_SERVICE,161
FD002-ENG-158,FD002,158,test_FD002.txt,6,HPC degradation,IN_SERVICE,171
FD002-ENG-159,FD002,159,test_FD002.txt,6,HPC degradation,IN_SERVICE,187
FD002-ENG-160,FD002,160,test_FD002.txt,6,HPC degradation,IN_SERVICE,124
FD002-ENG-161,FD002,161,test_FD002.txt,6,HPC degradation,IN_SERVICE,174
FD002-ENG-162,FD002,162,test_FD002.txt,6,HPC degradation,IN_SERVICE,185
FD002-ENG-163,FD002,163,test_FD002.txt,6,HPC degradation,IN_SERVICE,144
FD002-ENG-164,FD002,164,test_FD002.txt,6,HPC degradation,IN_SERVICE,199
FD002-ENG-165,FD002,165,test_FD002.txt,6,HPC degradation,IN_SERVICE,35
FD002-ENG-166,FD002,166,test_FD002.txt,6,HPC degradation,IN_SERVICE,97
FD002-ENG-167,FD002,167,test_FD002.txt,6,HPC degradation,IN_SERVICE,78
FD002-ENG-168,FD002,168,test_FD002.txt,6,HPC degradation,IN_SERVICE,107
FD002-ENG-169,FD002,169,test_FD002.txt,6,HPC degradation,IN_SERVICE,80
FD002-ENG-170,FD002,170,test_FD002.txt,6,HPC degradation,IN_SERVICE,85
FD002-ENG-171,FD002,171,test_FD002.txt,6,HPC degradation,IN_SERVICE,243
FD002-ENG-172,FD002,172,test_FD002.txt,6,HPC degradation,IN_SERVICE,128
FD002-ENG-173,FD002,173,test_FD002.txt,6,HPC degradation,IN_SERVICE,117
FD002-ENG-174,FD002,174,test_FD002.txt,6,HPC degradation,IN_SERVICE,51
FD002-ENG-175,FD002,175,test_FD002.txt,6,HPC degradation,IN_SERVICE,83
FD002-ENG-176,FD002,176,test_FD002.txt,6,HPC degradation,IN_SERVICE,200
FD002-ENG-177,FD002,177,test_FD002.txt,6,HPC degradation,IN_SERVICE,191
FD002-ENG-178,FD002,178,test_FD002.txt,6,HPC degradation,IN_SERVICE,54
FD002-ENG-179,FD002,179,test_FD002.txt,6,HPC degradation,IN_SERVICE,156
FD002-ENG-180,FD002,180,test_FD002.txt,6,HPC degradation,IN_SERVICE,154
FD002-ENG-181,FD002,181,test_FD002.txt,6,HPC degradation,IN_SERVICE,199
FD002-ENG-182,FD002,182,test_FD002.txt,6,HPC degradation,IN_SERVICE,134
FD002-ENG-183,FD002,183,test_FD002.txt,6,HPC degradation,IN_SERVICE,150
FD002-ENG-184,FD002,184,test_FD002.txt,6,HPC degradation,IN_SERVICE,64
FD002-ENG-185,FD002,185,test_FD002.txt,6,HPC degradation,IN_SERVICE,254
FD002-ENG-186,FD002,186,test_FD002.txt,6,HPC degradation,IN_SERVICE,166
FD002-ENG-187,FD002,187,test_FD002.txt,6,HPC degradation,IN_SERVICE,84
FD002-ENG-188,FD002,188,test_FD002.txt,6,HPC degradation,IN_SERVICE,86
FD002-ENG-189,FD002,189,test_FD002.txt,6,HPC degradation,IN_SERVICE,178
FD002-ENG-190,FD002,190,test_FD002.txt,6,HPC degradation,IN_SERVICE,158
FD002-ENG-191,FD002,191,test_FD002.txt,6,HPC degradation,IN_SERVICE,95
FD002-ENG-192,FD002,192,test_FD002.txt,6,HPC degradation,IN_SERVICE,161
FD002-ENG-193,FD002,193,test_FD002.txt,6,HPC degradation,IN_SERVICE,245
FD002-ENG-194,FD002,194,test_FD002.txt,6,HPC degradation,IN_SERVICE,50
FD002-ENG-195,FD002,195,test_FD002.txt,6,HPC degradation,IN_SERVICE,262
FD002-ENG-196,FD002,196,test_FD002.txt,6,HPC degradation,IN_SERVICE,109
FD002-ENG-197,FD002,197,test_FD002.txt,6,HPC degradation,IN_SERVICE,59
FD002-ENG-198,FD002,198,test_FD002.txt,6,HPC degradation,IN_SERVICE,120
FD002-ENG-199,FD002,199,test_FD002.txt,6,HPC degradation,IN_SERVICE,117
FD002-ENG-200,FD002,200,test_FD002.txt,6,HPC degradation,IN_SERVICE,60
FD002-ENG-201,FD002,201,test_FD002.txt,6,HPC degradation,IN_SERVICE,25
FD002-ENG-202,FD002,202,test_FD002.txt,6,HPC degradation,IN_SERVICE,124
FD002-ENG-203,FD002,203,test_FD002.txt,6,HPC degradation,IN_SERVICE,115
FD002-ENG-204,FD002,204,test_FD002.txt,6,HPC degradation,IN_SERVICE,41
FD002-ENG-205,FD002,205,test_FD002.txt,6,HPC degradation,IN_SERVICE,31
FD002-ENG-206,FD002,206,test_FD002.txt,6,HPC degradation,IN_SERVICE,162
FD002-ENG-207,FD002,207,test_FD002.txt,6,HPC degradation,IN_SERVICE,141
FD002-ENG-208,FD002,208,test_FD002.txt,6,HPC degradation,IN_SERVICE,166
FD002-ENG-209,FD002,209,test_FD002.txt,6,HPC degradation,IN_SERVICE,131
FD002-ENG-210,FD002,210,test_FD002.txt,6,HPC degradation,IN_SERVICE,182
FD002-ENG-211,FD002,211,test_FD002.txt,6,HPC degradation,IN_SERVICE,155
FD002-ENG-212,FD002,212,test_FD002.txt,6,HPC degradation,IN_SERVICE,187
FD002-ENG-213,FD002,213,test_FD002.txt,6,HPC degradation,IN_SERVICE,159
FD002-ENG-214,FD002,214,test_FD002.txt,6,HPC degradation,IN_SERVICE,75
FD002-ENG-215,FD002,215,test_FD002.txt,6,HPC degradation,IN_SERVICE,71
FD002-ENG-216,FD002,216,test_FD002.txt,6,HPC degradation,IN_SERVICE,100
FD002-ENG-217,FD002,217,test_FD002.txt,6,HPC degradation,IN_SERVICE,49
FD002-ENG-218,FD002,218,test_FD002.txt,6,HPC degradation,IN_SERVICE,33
FD002-ENG-219,FD002,219,test_FD002.txt,6,HPC degradation,IN_SERVICE,161
FD002-ENG-220,FD002,220,test_FD002.txt,6,HPC degradation,IN_SERVICE,54
FD002-ENG-221,FD002,221,test_FD002.txt,6,HPC degradation,IN_SERVICE,55
FD002-ENG-222,FD002,222,test_FD002.txt,6,HPC degradation,IN_SERVICE,180
FD002-ENG-223,FD002,223,test_FD002.txt,6,HPC degradation,IN_SERVICE,29
FD002-ENG-224,FD002,224,test_FD002.txt,6,HPC degradation,IN_SERVICE,43
FD002-ENG-225,FD002,225,test_FD002.txt,6,HPC degradation,IN_SERVICE,166
FD002-ENG-226,FD002,226,test_FD002.txt,6,HPC degradation,IN_SERVICE,165
FD002-ENG-227,FD002,227,test_FD002.txt,6,HPC degradation,IN_SERVICE,180
FD002-ENG-228,FD002,228,test_FD002.txt,6,HPC degradation,IN_SERVICE,44
FD002-ENG-229,FD002,229,test_FD002.txt,6,HPC degradation,IN_SERVICE,109
FD002-ENG-230,FD002,230,test_FD002.txt,6,HPC degradation,IN_SERVICE,125
FD002-ENG-231,FD002,231,test_FD002.txt,6,HPC degradation,IN_SERVICE,187
FD002-ENG-232,FD002,232,test_FD002.txt,6,HPC degradation,IN_SERVICE,159
FD002-ENG-233,FD002,233,test_FD002.txt,6,HPC degradation,IN_SERVICE,40
FD002-ENG-234,FD002,234,test_FD002.txt,6,HPC degradation,IN_SERVICE,147
FD002-ENG-235,FD002,235,test_FD002.txt,6,HPC degradation,IN_SERVICE,102
FD002-ENG-236,FD002,236,test_FD002.txt,6,HPC degradation,IN_SERVICE,274
FD002-ENG-237,FD002,237,test_FD002.txt,6,HPC degradation,IN_SERVICE,235
FD002-ENG-238,FD002,238,test_FD002.txt,6,HPC degradation,IN_SERVICE,94
FD002-ENG-239,FD002,239,test_FD002.txt,6,HPC degradation,IN_SERVICE,106
FD002-ENG-240,FD002,240,test_FD002.txt,6,HPC degradation,IN_SERVICE,50
FD002-ENG-241,FD002,241,test_FD002.txt,6,HPC degradation,IN_SERVICE,44
FD002-ENG-242,FD002,242,test_FD002.txt,6,HPC degradation,IN_SERVICE,194
FD002-ENG-243,FD002,243,test_FD002.txt,6,HPC degradation,IN_SERVICE,40
FD002-ENG-244,FD002,244,test_FD002.txt,6,HPC degradation,IN_SERVICE,49
FD002-ENG-245,FD002,245,test_FD002.txt,6,HPC degradation,IN_SERVICE,265
FD002-ENG-246,FD002,246,test_FD002.txt,6,HPC degradation,IN_SERVICE,80
FD002-ENG-247,FD002,247,test_FD002.txt,6,HPC degradation,IN_SERVICE,87
FD002-ENG-248,FD002,248,test_FD002.txt,6,HPC degradation,IN_SERVICE,162
FD002-ENG-249,FD002,249,test_FD002.txt,6,HPC degradation,IN_SERVICE,36
FD002-ENG-250,FD002,250,test_FD002.txt,6,HPC degradation,IN_SERVICE,234
FD002-ENG-251,FD002,251,test_FD002.txt,6,HPC degradation,IN_SERVICE,64
FD002-ENG-252,FD002,252,test_FD002.txt,6,HPC degradation,IN_SERVICE,249
FD002-ENG-253,FD002,253,test_FD002.txt,6,HPC degradation,IN_SERVICE,139
FD002-ENG-254,FD002,254,test_FD002.txt,6,HPC degradation,IN_SERVICE,131
FD002-ENG-255,FD002,255,test_FD002.txt,6,HPC degradation,IN_SERVICE,150
FD002-ENG-256,FD002,256,test_FD002.txt,6,HPC degradation,IN_SERVICE,59
FD002-ENG-257,FD002,257,test_FD002.txt,6,HPC degradation,IN_SERVICE,199
FD002-ENG-258,FD002,258,test_FD002.txt,6,HPC degradation,IN_SERVICE,98
FD002-ENG-259,FD002,259,test_FD002.txt,6,HPC degradation,IN_SERVICE,123
FD003-HIST-001,FD003,1,train_FD003.txt,1 (sea level),"HPC degradation, fan degradation",FAILED,259
FD003-HIST-002,FD003,2,train_FD003.txt,1 (sea level),"HPC degradation, fan degradation",FAILED,253
FD003-HIST-003,FD003,3,train_FD003.txt,1 (sea level),"HPC degradation, fan degradation",FAILED,222
FD003-HIST-004,FD003,4,train_FD003.txt,1 (sea level),"HPC degradation, fan degradation",FAILED,272
FD003-HIST-005,FD003,5,train_FD003.txt,1 (sea level),"HPC degradation, fan degradation",FAILED,213
FD003-HIST-006,FD003,6,train_FD003.txt,1 (sea level),"HPC degradation, fan degradation",FAILED,278
FD003-HIST-007,FD003,7,train_FD003.txt,1 (sea level),"HPC degradation, fan degradation",FAILED,424
FD003-HIST-008,FD003,8,train_FD003.txt,1 (sea level),"HPC degradation, fan degradation",FAILED,267
FD003-HIST-009,FD003,9,train_FD003.txt,1 (sea level),"HPC degradation, fan degradation",FAILED,406
FD003-HIST-010,FD003,10,train_FD003.txt,1 (sea level),"HPC degradation, fan degradation",FAILED,481
FD003-HIST-011,FD003,11,train_FD003.txt,1 (sea level),"HPC degradation, fan degradation",FAILED,197
FD003-HIST-012,FD003,12,train_FD003.txt,1 (sea level),"HPC degradation, fan degradation",FAILED,170
FD003-HIST-013,FD003,13,train_FD003.txt,1 (sea level),"HPC degradation, fan degradation",FAILED,185
FD003-HIST-014,FD003,14,train_FD003.txt,1 (sea level),"HPC degradation, fan degradation",FAILED,207
FD003-HIST-015,FD003,15,train_FD003.txt,1 (sea level),"HPC degradation, fan degradation",FAILED,202
FD003-HIST-016,FD003,16,train_FD003.txt,1 (sea level),"HPC degradation, fan degradation",FAILED,344
FD003-HIST-017,FD003,17,train_FD003.txt,1 (sea level),"HPC degradation, fan degradation",FAILED,312
FD003-HIST-018,FD003,18,train_FD003.txt,1 (sea level),"HPC degradation, fan degradation",FAILED,447
FD003-HIST-019,FD003,19,train_FD003.txt,1 (sea level),"HPC degradation, fan degradation",FAILED,229
FD003-HIST-020,FD003,20,train_FD003.txt,1 (sea level),"HPC degradation, fan degradation",FAILED,338
FD003-HIST-021,FD003,21,train_FD003.txt,1 (sea level),"HPC degradation, fan degradation",FAILED,220
FD003-HIST-022,FD003,22,train_FD003.txt,1 (sea level),"HPC degradation, fan degradation",FAILED,192
FD003-HIST-023,FD003,23,train_FD003.txt,1 (sea level),"HPC degradation, fan degradation",FAILED,196
FD003-HIST-024,FD003,24,train_FD003.txt,1 (sea level),"HPC degradation, fan degradation",FAILED,494
FD003-HIST-025,FD003,25,train_FD003.txt,1 (sea level),"HPC degradation, fan degradation",FAILED,193
FD003-HIST-026,FD003,26,train_FD003.txt,1 (sea level),"HPC degradation, fan degradation",FAILED,243
FD003-HIST-027,FD003,27,train_FD003.txt,1 (sea level),"HPC degradation, fan degradation",FAILED,320
FD003-HIST-028,FD003,28,train_FD003.txt,1 (sea level),"HPC degradation, fan degradation",FAILED,200
FD003-HIST-029,FD003,29,train_FD003.txt,1 (sea level),"HPC degradation, fan degradation",FAILED,223
FD003-HIST-030,FD003,30,train_FD003.txt,1 (sea level),"HPC degradation, fan degradation",FAILED,218
FD003-HIST-031,FD003,31,train_FD003.txt,1 (sea level),"HPC degradation, fan degradation",FAILED,183
FD003-HIST-032,FD003,32,train_FD003.txt,1 (sea level),"HPC degradation, fan degradation",FAILED,189
FD003-HIST-033,FD003,33,train_FD003.txt,1 (sea level),"HPC degradation, fan degradation",FAILED,231
FD003-HIST-034,FD003,34,train_FD003.txt,1 (sea level),"HPC degradation, fan degradation",FAILED,459
FD003-HIST-035,FD003,35,train_FD003.txt,1 (sea level),"HPC degradation, fan degradation",FAILED,231
FD003-HIST-036,FD003,36,train_FD003.txt,1 (sea level),"HPC degradation, fan degradation",FAILED,324
FD003-HIST-037,FD003,37,train_FD003.txt,1 (sea level),"HPC degradation, fan degradation",FAILED,324
FD003-HIST-038,FD003,38,train_FD003.txt,1 (sea level),"HPC degradation, fan degradation",FAILED,201
FD003-HIST-039,FD003,39,train_FD003.txt,1 (sea level),"HPC degradation, fan degradation",FAILED,288
FD003-HIST-040,FD003,40,train_FD003.txt,1 (sea level),"HPC degradation, fan degradation",FAILED,188
FD003-HIST-041,FD003,41,train_FD003.txt,1 (sea level),"HPC degradation, fan degradation",FAILED,295
FD003-HIST-042,FD003,42,train_FD003.txt,1 (sea level),"HPC degradation, fan degradation",FAILED,193
FD003-HIST-043,FD003,43,train_FD003.txt,1 (sea level),"HPC degradation, fan degradation",FAILED,321
FD003-HIST-044,FD003,44,train_FD003.txt,1 (sea level),"HPC degradation, fan degradation",FAILED,180
FD003-HIST-045,FD003,45,train_FD003.txt,1 (sea level),"HPC degradation, fan degradation",FAILED,205
FD003-HIST-046,FD003,46,train_FD003.txt,1 (sea level),"HPC degradation, fan degradation",FAILED,204
FD003-HIST-047,FD003,47,train_FD003.txt,1 (sea level),"HPC degradation, fan degradation",FAILED,269
FD003-HIST-048,FD003,48,train_FD003.txt,1 (sea level),"HPC degradation, fan degradation",FAILED,174
FD003-HIST-049,FD003,49,train_FD003.txt,1 (sea level),"HPC degradation, fan degradation",FAILED,256
FD003-HIST-050,FD003,50,train_FD003.txt,1 (sea level),"HPC degradation, fan degradation",FAILED,161
FD003-HIST-051,FD003,51,train_FD003.txt,1 (sea level),"HPC degradation, fan degradation",FAILED,190
FD003-HIST-052,FD003,52,train_FD003.txt,1 (sea level),"HPC degradation, fan degradation",FAILED,222
FD003-HIST-053,FD003,53,train_FD003.txt,1 (sea level),"HPC degradation, fan degradation",FAILED,164
FD003-HIST-054,FD003,54,train_FD003.txt,1 (sea level),"HPC degradation, fan degradation",FAILED,194
FD003-HIST-055,FD003,55,train_FD003.txt,1 (sea level),"HPC degradation, fan degradation",FAILED,525
FD003-HIST-056,FD003,56,train_FD003.txt,1 (sea level),"HPC degradation, fan degradation",FAILED,195
FD003-HIST-057,FD003,57,train_FD003.txt,1 (sea level),"HPC degradation, fan degradation",FAILED,215
FD003-HIST-058,FD003,58,train_FD003.txt,1 (sea level),"HPC degradation, fan degradation",FAILED,178
FD003-HIST-059,FD003,59,train_FD003.txt,1 (sea level),"HPC degradation, fan degradation",FAILED,299
FD003-HIST-060,FD003,60,train_FD003.txt,1 (sea level),"HPC degradation, fan degradation",FAILED,190
FD003-HIST-061,FD003,61,train_FD003.txt,1 (sea level),"HPC degradation, fan degradation",FAILED,199
FD003-HIST-062,FD003,62,train_FD003.txt,1 (sea level),"HPC degradation, fan degradation",FAILED,246
FD003-HIST-063,FD003,63,train_FD003.txt,1 (sea level),"HPC degradation, fan degradation",FAILED,231
FD003-HIST-064,FD003,64,train_FD003.txt,1 (sea level),"HPC degradation, fan degradation",FAILED,195
FD003-HIST-065,FD003,65,train_FD003.txt,1 (sea level),"HPC degradation, fan degradation",FAILED,234
FD003-HIST-066,FD003,66,train_FD003.txt,1 (sea level),"HPC degradation, fan degradation",FAILED,165
FD003-HIST-067,FD003,67,train_FD003.txt,1 (sea level),"HPC degradation, fan degradation",FAILED,263
FD003-HIST-068,FD003,68,train_FD003.txt,1 (sea level),"HPC degradation, fan degradation",FAILED,201
FD003-HIST-069,FD003,69,train_FD003.txt,1 (sea level),"HPC degradation, fan degradation",FAILED,170
FD003-HIST-070,FD003,70,train_FD003.txt,1 (sea level),"HPC degradation, fan degradation",FAILED,172
FD003-HIST-071,FD003,71,train_FD003.txt,1 (sea level),"HPC degradation, fan degradation",FAILED,409
FD003-HIST-072,FD003,72,train_FD003.txt,1 (sea level),"HPC degradation, fan degradation",FAILED,232
FD003-HIST-073,FD003,73,train_FD003.txt,1 (sea level),"HPC degradation, fan degradation",FAILED,215
FD003-HIST-074,FD003,74,train_FD003.txt,1 (sea level),"HPC degradation, fan degradation",FAILED,193
FD003-HIST-075,FD003,75,train_FD003.txt,1 (sea level),"HPC degradation, fan degradation",FAILED,259
FD003-HIST-076,FD003,76,train_FD003.txt,1 (sea level),"HPC degradation, fan degradation",FAILED,153
FD003-HIST-077,FD003,77,train_FD003.txt,1 (sea level),"HPC degradation, fan degradation",FAILED,255
FD003-HIST-078,FD003,78,train_FD003.txt,1 (sea level),"HPC degradation, fan degradation",FAILED,221
FD003-HIST-079,FD003,79,train_FD003.txt,1 (sea level),"HPC degradation, fan degradation",FAILED,166
FD003-HIST-080,FD003,80,train_FD003.txt,1 (sea level),"HPC degradation, fan degradation",FAILED,147
FD003-HIST-081,FD003,81,train_FD003.txt,1 (sea level),"HPC degradation, fan degradation",FAILED,347
FD003-HIST-082,FD003,82,train_FD003.txt,1 (sea level),"HPC degradation, fan degradation",FAILED,285
FD003-HIST-083,FD003,83,train_FD003.txt,1 (sea level),"HPC degradation, fan degradation",FAILED,181
FD003-HIST-084,FD003,84,train_FD003.txt,1 (sea level),"HPC degradation, fan degradation",FAILED,226
FD003-HIST-085,FD003,85,train_FD003.txt,1 (sea level),"HPC degradation, fan degradation",FAILED,266
FD003-HIST-086,FD003,86,train_FD003.txt,1 (sea level),"HPC degradation, fan degradation",FAILED,341
FD003-HIST-087,FD003,87,train_FD003.txt,1 (sea level),"HPC degradation, fan degradation",FAILED,172
FD003-HIST-088,FD003,88,train_FD003.txt,1 (sea level),"HPC degradation, fan degradation",FAILED,322
FD003-HIST-089,FD003,89,train_FD003.txt,1 (sea level),"HPC degradation, fan degradation",FAILED,207
FD003-HIST-090,FD003,90,train_FD003.txt,1 (sea level),"HPC degradation, fan degradation",FAILED,181
FD003-HIST-091,FD003,91,train_FD003.txt,1 (sea level),"HPC degradation, fan degradation",FAILED,156
FD003-HIST-092,FD003,92,train_FD003.txt,1 (sea level),"HPC degradation, fan degradation",FAILED,158
FD003-HIST-093,FD003,93,train_FD003.txt,1 (sea level),"HPC degradation, fan degradation",FAILED,171
FD003-HIST-094,FD003,94,train_FD003.txt,1 (sea level),"HPC degradation, fan degradation",FAILED,392
FD003-HIST-095,FD003,95,train_FD003.txt,1 (sea level),"HPC degradation, fan degradation",FAILED,166
FD003-HIST-096,FD003,96,train_FD003.txt,1 (sea level),"HPC degradation, fan degradation",FAILED,491
FD003-HIST-097,FD003,97,train_FD003.txt,1 (sea level),"HPC degradation, fan degradation",FAILED,275
FD003-HIST-098,FD003,98,train_FD003.txt,1 (sea level),"HPC degradation, fan degradation",FAILED,307
FD003-HIST-099,FD003,99,train_FD003.txt,1 (sea level),"HPC degradation, fan degradation",FAILED,145
FD003-HIST-100,FD003,100,train_FD003.txt,1 (sea level),"HPC degradation, fan degradation",FAILED,152
FD003-ENG-001,FD003,1,test_FD003.txt,1 (sea level),"HPC degradation, fan degradation",IN_SERVICE,233
FD003-ENG-002,FD003,2,test_FD003.txt,1 (sea level),"HPC degradation, fan degradation",IN_SERVICE,124
FD003-ENG-003,FD003,3,test_FD003.txt,1 (sea level),"HPC degradation, fan degradation",IN_SERVICE,234
FD003-ENG-004,FD003,4,test_FD003.txt,1 (sea level),"HPC degradation, fan degradation",IN_SERVICE,68
FD003-ENG-005,FD003,5,test_FD003.txt,1 (sea level),"HPC degradation, fan degradation",IN_SERVICE,138
FD003-ENG-006,FD003,6,test_FD003.txt,1 (sea level),"HPC degradation, fan degradation",IN_SERVICE,64
FD003-ENG-007,FD003,7,test_FD003.txt,1 (sea level),"HPC degradation, fan degradation",IN_SERVICE,158
FD003-ENG-008,FD003,8,test_FD003.txt,1 (sea level),"HPC degradation, fan degradation",IN_SERVICE,192
FD003-ENG-009,FD003,9,test_FD003.txt,1 (sea level),"HPC degradation, fan degradation",IN_SERVICE,238
FD003-ENG-010,FD003,10,test_FD003.txt,1 (sea level),"HPC degradation, fan degradation",IN_SERVICE,131
FD003-ENG-011,FD003,11,test_FD003.txt,1 (sea level),"HPC degradation, fan degradation",IN_SERVICE,103
FD003-ENG-012,FD003,12,test_FD003.txt,1 (sea level),"HPC degradation, fan degradation",IN_SERVICE,146
FD003-ENG-013,FD003,13,test_FD003.txt,1 (sea level),"HPC degradation, fan degradation",IN_SERVICE,65
FD003-ENG-014,FD003,14,test_FD003.txt,1 (sea level),"HPC degradation, fan degradation",IN_SERVICE,169
FD003-ENG-015,FD003,15,test_FD003.txt,1 (sea level),"HPC degradation, fan degradation",IN_SERVICE,112
FD003-ENG-016,FD003,16,test_FD003.txt,1 (sea level),"HPC degradation, fan degradation",IN_SERVICE,126
FD003-ENG-017,FD003,17,test_FD003.txt,1 (sea level),"HPC degradation, fan degradation",IN_SERVICE,230
FD003-ENG-018,FD003,18,test_FD003.txt,1 (sea level),"HPC degradation, fan degradation",IN_SERVICE,244
FD003-ENG-019,FD003,19,test_FD003.txt,1 (sea level),"HPC degradation, fan degradation",IN_SERVICE,115
FD003-ENG-020,FD003,20,test_FD003.txt,1 (sea level),"HPC degradation, fan degradation",IN_SERVICE,207
FD003-ENG-021,FD003,21,test_FD003.txt,1 (sea level),"HPC degradation, fan degradation",IN_SERVICE,263
FD003-ENG-022,FD003,22,test_FD003.txt,1 (sea level),"HPC degradation, fan degradation",IN_SERVICE,119
FD003-ENG-023,FD003,23,test_FD003.txt,1 (sea level),"HPC degradation, fan degradation",IN_SERVICE,405
FD003-ENG-024,FD003,24,test_FD003.txt,1 (sea level),"HPC degradation, fan degradation",IN_SERVICE,475
FD003-ENG-025,FD003,25,test_FD003.txt,1 (sea level),"HPC degradation, fan degradation",IN_SERVICE,169
FD003-ENG-026,FD003,26,test_FD003.txt,1 (sea level),"HPC degradation, fan degradation",IN_SERVICE,130
FD003-ENG-027,FD003,27,test_FD003.txt,1 (sea level),"HPC degradation, fan degradation",IN_SERVICE,104
FD003-ENG-028,FD003,28,test_FD003.txt,1 (sea level),"HPC degradation, fan degradation",IN_SERVICE,70
FD003-ENG-029,FD003,29,test_FD003.txt,1 (sea level),"HPC degradation, fan degradation",IN_SERVICE,89
FD003-ENG-030,FD003,30,test_FD003.txt,1 (sea level),"HPC degradation, fan degradation",IN_SERVICE,333
FD003-ENG-031,FD003,31,test_FD003.txt,1 (sea level),"HPC degradation, fan degradation",IN_SERVICE,152
FD003-ENG-032,FD003,32,test_FD003.txt,1 (sea level),"HPC degradation, fan degradation",IN_SERVICE,120
FD003-ENG-033,FD003,33,test_FD003.txt,1 (sea level),"HPC degradation, fan degradation",IN_SERVICE,180
FD003-ENG-034,FD003,34,test_FD003.txt,1 (sea level),"HPC degradation, fan degradation",IN_SERVICE,105
FD003-ENG-035,FD003,35,test_FD003.txt,1 (sea level),"HPC degradation, fan degradation",IN_SERVICE,144
FD003-ENG-036,FD003,36,test_FD003.txt,1 (sea level),"HPC degradation, fan degradation",IN_SERVICE,90
FD003-ENG-037,FD003,37,test_FD003.txt,1 (sea level),"HPC degradation, fan degradation",IN_SERVICE,47
FD003-ENG-038,FD003,38,test_FD003.txt,1 (sea level),"HPC degradation, fan degradation",IN_SERVICE,133
FD003-ENG-039,FD003,39,test_FD003.txt,1 (sea level),"HPC degradation, fan degradation",IN_SERVICE,310
FD003-ENG-040,FD003,40,test_FD003.txt,1 (sea level),"HPC degradation, fan degradation",IN_SERVICE,313
FD003-ENG-041,FD003,41,test_FD003.txt,1 (sea level),"HPC degradation, fan degradation",IN_SERVICE,101
FD003-ENG-042,FD003,42,test_FD003.txt,1 (sea level),"HPC degradation, fan degradation",IN_SERVICE,87
FD003-ENG-043,FD003,43,test_FD003.txt,1 (sea level),"HPC degradation, fan degradation",IN_SERVICE,133
FD003-ENG-044,FD003,44,test_FD003.txt,1 (sea level),"HPC degradation, fan degradation",IN_SERVICE,146
FD003-ENG-045,FD003,45,test_FD003.txt,1 (sea level),"HPC degradation, fan degradation",IN_SERVICE,88
FD003-ENG-046,FD003,46,test_FD003.txt,1 (sea level),"HPC degradation, fan degradation",IN_SERVICE,180
FD003-ENG-047,FD003,47,test_FD003.txt,1 (sea level),"HPC degradation, fan degradation",IN_SERVICE,56
FD003-ENG-048,FD003,48,test_FD003.txt,1 (sea level),"HPC degradation, fan degradation",IN_SERVICE,179
FD003-ENG-049,FD003,49,test_FD003.txt,1 (sea level),"HPC degradation, fan degradation",IN_SERVICE,211
FD003-ENG-050,FD003,50,test_FD003.txt,1 (sea level),"HPC degradation, fan degradation",IN_SERVICE,147
FD003-ENG-051,FD003,51,test_FD003.txt,1 (sea level),"HPC degradation, fan degradation",IN_SERVICE,118
FD003-ENG-052,FD003,52,test_FD003.txt,1 (sea level),"HPC degradation, fan degradation",IN_SERVICE,38
FD003-ENG-053,FD003,53,test_FD003.txt,1 (sea level),"HPC degradation, fan degradation",IN_SERVICE,108
FD003-ENG-054,FD003,54,test_FD003.txt,1 (sea level),"HPC degradation, fan degradation",IN_SERVICE,50
FD003-ENG-055,FD003,55,test_FD003.txt,1 (sea level),"HPC degradation, fan degradation",IN_SERVICE,203
FD003-ENG-056,FD003,56,test_FD003.txt,1 (sea level),"HPC degradation, fan degradation",IN_SERVICE,162
FD003-ENG-057,FD003,57,test_FD003.txt,1 (sea level),"HPC degradation, fan degradation",IN_SERVICE,158
FD003-ENG-058,FD003,58,test_FD003.txt,1 (sea level),"HPC degradation, fan degradation",IN_SERVICE,119
FD003-ENG-059,FD003,59,test_FD003.txt,1 (sea level),"HPC degradation, fan degradation",IN_SERVICE,149
FD003-ENG-060,FD003,60,test_FD003.txt,1 (sea level),"HPC degradation, fan degradation",IN_SERVICE,112
FD003-ENG-061,FD003,61,test_FD003.txt,1 (sea level),"HPC degradation, fan degradation",IN_SERVICE,78
FD003-ENG-062,FD003,62,test_FD003.txt,1 (sea level),"HPC degradation, fan degradation",IN_SERVICE,224
FD003-ENG-063,FD003,63,test_FD003.txt,1 (sea level),"HPC degradation, fan degradation",IN_SERVICE,137
FD003-ENG-064,FD003,64,test_FD003.txt,1 (sea level),"HPC degradation, fan degradation",IN_SERVICE,271
FD003-ENG-065,FD003,65,test_FD003.txt,1 (sea level),"HPC degradation, fan degradation",IN_SERVICE,79
FD003-ENG-066,FD003,66,test_FD003.txt,1 (sea level),"HPC degradation, fan degradation",IN_SERVICE,122
FD003-ENG-067,FD003,67,test_FD003.txt,1 (sea level),"HPC degradation, fan degradation",IN_SERVICE,186
FD003-ENG-068,FD003,68,test_FD003.txt,1 (sea level),"HPC degradation, fan degradation",IN_SERVICE,188
FD003-ENG-069,FD003,69,test_FD003.txt,1 (sea level),"HPC degradation, fan degradation",IN_SERVICE,105
FD003-ENG-070,FD003,70,test_FD003.txt,1 (sea level),"HPC degradation, fan degradation",IN_SERVICE,84
FD003-ENG-071,FD003,71,test_FD003.txt,1 (sea level),"HPC degradation, fan degradation",IN_SERVICE,367
FD003-ENG-072,FD003,72,test_FD003.txt,1 (sea level),"HPC degradation, fan degradation",IN_SERVICE,232
FD003-ENG-073,FD003,73,test_FD003.txt,1 (sea level),"HPC degradation, fan degradation",IN_SERVICE,109
FD003-ENG-074,FD003,74,test_FD003.txt,1 (sea level),"HPC degradation, fan degradation",IN_SERVICE,68
FD003-ENG-075,FD003,75,test_FD003.txt,1 (sea level),"HPC degradation, fan degradation",IN_SERVICE,191
FD003-ENG-076,FD003,76,test_FD003.txt,1 (sea level),"HPC degradation, fan degradation",IN_SERVICE,180
FD003-ENG-077,FD003,77,test_FD003.txt,1 (sea level),"HPC degradation, fan degradation",IN_SERVICE,381
FD003-ENG-078,FD003,78,test_FD003.txt,1 (sea level),"HPC degradation, fan degradation",IN_SERVICE,279
FD003-ENG-079,FD003,79,test_FD003.txt,1 (sea level),"HPC degradation, fan degradation",IN_SERVICE,170
FD003-ENG-080,FD003,80,test_FD003.txt,1 (sea level),"HPC degradation, fan degradation",IN_SERVICE,85
FD003-ENG-081,FD003,81,test_FD003.txt,1 (sea level),"HPC degradation, fan degradation",IN_SERVICE,155
FD003-ENG-082,FD003,82,test_FD003.txt,1 (sea level),"HPC degradation, fan degradation",IN_SERVICE,194
FD003-ENG-083,FD003,83,test_FD003.txt,1 (sea level),"HPC degradation, fan degradation",IN_SERVICE,168
FD003-ENG-084,FD003,84,test_FD003.txt,1 (sea level),"HPC degradation, fan degradation",IN_SERVICE,76
FD003-ENG-085,FD003,85,test_FD003.txt,1 (sea level),"HPC degradation, fan degradation",IN_SERVICE,118
FD003-ENG-086,FD003,86,test_FD003.txt,1 (sea level),"HPC degradation, fan degradation",IN_SERVICE,174
FD003-ENG-087,FD003,87,test_FD003.txt,1 (sea level),"HPC degradation, fan degradation",IN_SERVICE,218
FD003-ENG-088,FD003,88,test_FD003.txt,1 (sea level),"HPC degradation, fan degradation",IN_SERVICE,41
FD003-ENG-089,FD003,89,test_FD003.txt,1 (sea level),"HPC degradation, fan degradation",IN_SERVICE,120
FD003-ENG-090,FD003,90,test_FD003.txt,1 (sea level),"HPC degradation, fan degradation",IN_SERVICE,206
FD003-ENG-091,FD003,91,test_FD003.txt,1 (sea level),"HPC degradation, fan degradation",IN_SERVICE,56
FD003-ENG-092,FD003,92,test_FD003.txt,1 (sea level),"HPC degradation, fan degradation",IN_SERVICE,266
FD003-ENG-093,FD003,93,test_FD003.txt,1 (sea level),"HPC degradation, fan degradation",IN_SERVICE,158
FD003-ENG-094,FD003,94,test_FD003.txt,1 (sea level),"HPC degradation, fan degradation",IN_SERVICE,333
FD003-ENG-095,FD003,95,test_FD003.txt,1 (sea level),"HPC degradation, fan degradation",IN_SERVICE,213
FD003-ENG-096,FD003,96,test_FD003.txt,1 (sea level),"HPC degradation, fan degradation",IN_SERVICE,358
FD003-ENG-097,FD003,97,test_FD003.txt,1 (sea level),"HPC degradation, fan degradation",IN_SERVICE,95
FD003-ENG-098,FD003,98,test_FD003.txt,1 (sea level),"HPC degradation, fan degradation",IN_SERVICE,182
FD003-ENG-099,FD003,99,test_FD003.txt,1 (sea level),"HPC degradation, fan degradation",IN_SERVICE,289
FD003-ENG-100,FD003,100,test_FD003.txt,1 (sea level),"HPC degradation, fan degradation",IN_SERVICE,247
FD004-HIST-001,FD004,1,train_FD004.txt,6,"HPC degradation, fan degradation",FAILED,321
FD004-HIST-002,FD004,2,train_FD004.txt,6,"HPC degradation, fan degradation",FAILED,299
FD004-HIST-003,FD004,3,train_FD004.txt,6,"HPC degradation, fan degradation",FAILED,307
FD004-HIST-004,FD004,4,train_FD004.txt,6,"HPC degradation, fan degradation",FAILED,274
FD004-HIST-005,FD004,5,train_FD004.txt,6,"HPC degradation, fan degradation",FAILED,193
FD004-HIST-006,FD004,6,train_FD004.txt,6,"HPC degradation, fan degradation",FAILED,331
FD004-HIST-007,FD004,7,train_FD004.txt,6,"HPC degradation, fan degradation",FAILED,221
FD004-HIST-008,FD004,8,train_FD004.txt,6,"HPC degradation, fan degradation",FAILED,230
FD004-HIST-009,FD004,9,train_FD004.txt,6,"HPC degradation, fan degradation",FAILED,334
FD004-HIST-010,FD004,10,train_FD004.txt,6,"HPC degradation, fan degradation",FAILED,354
FD004-HIST-011,FD004,11,train_FD004.txt,6,"HPC degradation, fan degradation",FAILED,301
FD004-HIST-012,FD004,12,train_FD004.txt,6,"HPC degradation, fan degradation",FAILED,272
FD004-HIST-013,FD004,13,train_FD004.txt,6,"HPC degradation, fan degradation",FAILED,256
FD004-HIST-014,FD004,14,train_FD004.txt,6,"HPC degradation, fan degradation",FAILED,253
FD004-HIST-015,FD004,15,train_FD004.txt,6,"HPC degradation, fan degradation",FAILED,224
FD004-HIST-016,FD004,16,train_FD004.txt,6,"HPC degradation, fan degradation",FAILED,184
FD004-HIST-017,FD004,17,train_FD004.txt,6,"HPC degradation, fan degradation",FAILED,151
FD004-HIST-018,FD004,18,train_FD004.txt,6,"HPC degradation, fan degradation",FAILED,343
FD004-HIST-019,FD004,19,train_FD004.txt,6,"HPC degradation, fan degradation",FAILED,210
FD004-HIST-020,FD004,20,train_FD004.txt,6,"HPC degradation, fan degradation",FAILED,245
FD004-HIST-021,FD004,21,train_FD004.txt,6,"HPC degradation, fan degradation",FAILED,227
FD004-HIST-022,FD004,22,train_FD004.txt,6,"HPC degradation, fan degradation",FAILED,211
FD004-HIST-023,FD004,23,train_FD004.txt,6,"HPC degradation, fan degradation",FAILED,280
FD004-HIST-024,FD004,24,train_FD004.txt,6,"HPC degradation, fan degradation",FAILED,186
FD004-HIST-025,FD004,25,train_FD004.txt,6,"HPC degradation, fan degradation",FAILED,150
FD004-HIST-026,FD004,26,train_FD004.txt,6,"HPC degradation, fan degradation",FAILED,297
FD004-HIST-027,FD004,27,train_FD004.txt,6,"HPC degradation, fan degradation",FAILED,163
FD004-HIST-028,FD004,28,train_FD004.txt,6,"HPC degradation, fan degradation",FAILED,202
FD004-HIST-029,FD004,29,train_FD004.txt,6,"HPC degradation, fan degradation",FAILED,247
FD004-HIST-030,FD004,30,train_FD004.txt,6,"HPC degradation, fan degradation",FAILED,297
FD004-HIST-031,FD004,31,train_FD004.txt,6,"HPC degradation, fan degradation",FAILED,263
FD004-HIST-032,FD004,32,train_FD004.txt,6,"HPC degradation, fan degradation",FAILED,219
FD004-HIST-033,FD004,33,train_FD004.txt,6,"HPC degradation, fan degradation",FAILED,201
FD004-HIST-034,FD004,34,train_FD004.txt,6,"HPC degradation, fan degradation",FAILED,276
FD004-HIST-035,FD004,35,train_FD004.txt,6,"HPC degradation, fan degradation",FAILED,221
FD004-HIST-036,FD004,36,train_FD004.txt,6,"HPC degradation, fan degradation",FAILED,143
FD004-HIST-037,FD004,37,train_FD004.txt,6,"HPC degradation, fan degradation",FAILED,388
FD004-HIST-038,FD004,38,train_FD004.txt,6,"HPC degradation, fan degradation",FAILED,177
FD004-HIST-039,FD004,39,train_FD004.txt,6,"HPC degradation, fan degradation",FAILED,202
FD004-HIST-040,FD004,40,train_FD004.txt,6,"HPC degradation, fan degradation",FAILED,206
FD004-HIST-041,FD004,41,train_FD004.txt,6,"HPC degradation, fan degradation",FAILED,279
FD004-HIST-042,FD004,42,train_FD004.txt,6,"HPC degradation, fan degradation",FAILED,280
FD004-HIST-043,FD004,43,train_FD004.txt,6,"HPC degradation, fan degradation",FAILED,223
FD004-HIST-044,FD004,44,train_FD004.txt,6,"HPC degradation, fan degradation",FAILED,203
FD004-HIST-045,FD004,45,train_FD004.txt,6,"HPC degradation, fan degradation",FAILED,177
FD004-HIST-046,FD004,46,train_FD004.txt,6,"HPC degradation, fan degradation",FAILED,321
FD004-HIST-047,FD004,47,train_FD004.txt,6,"HPC degradation, fan degradation",FAILED,375
FD004-HIST-048,FD004,48,train_FD004.txt,6,"HPC degradation, fan degradation",FAILED,322
FD004-HIST-049,FD004,49,train_FD004.txt,6,"HPC degradation, fan degradation",FAILED,446
FD004-HIST-050,FD004,50,train_FD004.txt,6,"HPC degradation, fan degradation",FAILED,172
FD004-HIST-051,FD004,51,train_FD004.txt,6,"HPC degradation, fan degradation",FAILED,285
FD004-HIST-052,FD004,52,train_FD004.txt,6,"HPC degradation, fan degradation",FAILED,357
FD004-HIST-053,FD004,53,train_FD004.txt,6,"HPC degradation, fan degradation",FAILED,304
FD004-HIST-054,FD004,54,train_FD004.txt,6,"HPC degradation, fan degradation",FAILED,197
FD004-HIST-055,FD004,55,train_FD004.txt,6,"HPC degradation, fan degradation",FAILED,344
FD004-HIST-056,FD004,56,train_FD004.txt,6,"HPC degradation, fan degradation",FAILED,347
FD004-HIST-057,FD004,57,train_FD004.txt,6,"HPC degradation, fan degradation",FAILED,193
FD004-HIST-058,FD004,58,train_FD004.txt,6,"HPC degradation, fan degradation",FAILED,281
FD004-HIST-059,FD004,59,train_FD004.txt,6,"HPC degradation, fan degradation",FAILED,177
FD004-HIST-060,FD004,60,train_FD004.txt,6,"HPC degradation, fan degradation",FAILED,218
FD004-HIST-061,FD004,61,train_FD004.txt,6,"HPC degradation, fan degradation",FAILED,244
FD004-HIST-062,FD004,62,train_FD004.txt,6,"HPC degradation, fan degradation",FAILED,297
FD004-HIST-063,FD004,63,train_FD004.txt,6,"HPC degradation, fan degradation",FAILED,170
FD004-HIST-064,FD004,64,train_FD004.txt,6,"HPC degradation, fan degradation",FAILED,184
FD004-HIST-065,FD004,65,train_FD004.txt,6,"HPC degradation, fan degradation",FAILED,351
FD004-HIST-066,FD004,66,train_FD004.txt,6,"HPC degradation, fan degradation",FAILED,175
FD004-HIST-067,FD004,67,train_FD004.txt,6,"HPC degradation, fan degradation",FAILED,167
FD004-HIST-068,FD004,68,train_FD004.txt,6,"HPC degradation, fan degradation",FAILED,163
FD004-HIST-069,FD004,69,train_FD004.txt,6,"HPC degradation, fan degradation",FAILED,226
FD004-HIST-070,FD004,70,train_FD004.txt,6,"HPC degradation, fan degradation",FAILED,185
FD004-HIST-071,FD004,71,train_FD004.txt,6,"HPC degradation, fan degradation",FAILED,312
FD004-HIST-072,FD004,72,train_FD004.txt,6,"HPC degradation, fan degradation",FAILED,308
FD004-HIST-073,FD004,73,train_FD004.txt,6,"HPC degradation, fan degradation",FAILED,181
FD004-HIST-074,FD004,74,train_FD004.txt,6,"HPC degradation, fan degradation",FAILED,244
FD004-HIST-075,FD004,75,train_FD004.txt,6,"HPC degradation, fan degradation",FAILED,230
FD004-HIST-076,FD004,76,train_FD004.txt,6,"HPC degradation, fan degradation",FAILED,152
FD004-HIST-077,FD004,77,train_FD004.txt,6,"HPC degradation, fan degradation",FAILED,148
FD004-HIST-078,FD004,78,train_FD004.txt,6,"HPC degradation, fan degradation",FAILED,250
FD004-HIST-079,FD004,79,train_FD004.txt,6,"HPC degradation, fan degradation",FAILED,218
FD004-HIST-080,FD004,80,train_FD004.txt,6,"HPC degradation, fan degradation",FAILED,305
FD004-HIST-081,FD004,81,train_FD004.txt,6,"HPC degradation, fan degradation",FAILED,187
FD004-HIST-082,FD004,82,train_FD004.txt,6,"HPC degradation, fan degradation",FAILED,197
FD004-HIST-083,FD004,83,train_FD004.txt,6,"HPC degradation, fan degradation",FAILED,184
FD004-HIST-084,FD004,84,train_FD004.txt,6,"HPC degradation, fan degradation",FAILED,159
FD004-HIST-085,FD004,85,train_FD004.txt,6,"HPC degradation, fan degradation",FAILED,277
FD004-HIST-086,FD004,86,train_FD004.txt,6,"HPC degradation, fan degradation",FAILED,232
FD004-HIST-087,FD004,87,train_FD004.txt,6,"HPC degradation, fan degradation",FAILED,259
FD004-HIST-088,FD004,88,train_FD004.txt,6,"HPC degradation, fan degradation",FAILED,388
FD004-HIST-089,FD004,89,train_FD004.txt,6,"HPC degradation, fan degradation",FAILED,168
FD004-HIST-090,FD004,90,train_FD004.txt,6,"HPC degradation, fan degradation",FAILED,212
FD004-HIST-091,FD004,91,train_FD004.txt,6,"HPC degradation, fan degradation",FAILED,354
FD004-HIST-092,FD004,92,train_FD004.txt,6,"HPC degradation, fan degradation",FAILED,191
FD004-HIST-093,FD004,93,train_FD004.txt,6,"HPC degradation, fan degradation",FAILED,196
FD004-HIST-094,FD004,94,train_FD004.txt,6,"HPC degradation, fan degradation",FAILED,249
FD004-HIST-095,FD004,95,train_FD004.txt,6,"HPC degradation, fan degradation",FAILED,239
FD004-HIST-096,FD004,96,train_FD004.txt,6,"HPC degradation, fan degradation",FAILED,270
FD004-HIST-097,FD004,97,train_FD004.txt,6,"HPC degradation, fan degradation",FAILED,262
FD004-HIST-098,FD004,98,train_FD004.txt,6,"HPC degradation, fan degradation",FAILED,245
FD004-HIST-099,FD004,99,train_FD004.txt,6,"HPC degradation, fan degradation",FAILED,167
FD004-HIST-100,FD004,100,train_FD004.txt,6,"HPC degradation, fan degradation",FAILED,261
FD004-HIST-101,FD004,101,train_FD004.txt,6,"HPC degradation, fan degradation",FAILED,260
FD004-HIST-102,FD004,102,train_FD004.txt,6,"HPC degradation, fan degradation",FAILED,194
FD004-HIST-103,FD004,103,train_FD004.txt,6,"HPC degradation, fan degradation",FAILED,224
FD004-HIST-104,FD004,104,train_FD004.txt,6,"HPC degradation, fan degradation",FAILED,203
FD004-HIST-105,FD004,105,train_FD004.txt,6,"HPC degradation, fan degradation",FAILED,170
FD004-HIST-106,FD004,106,train_FD004.txt,6,"HPC degradation, fan degradation",FAILED,266
FD004-HIST-107,FD004,107,train_FD004.txt,6,"HPC degradation, fan degradation",FAILED,183
FD004-HIST-108,FD004,108,train_FD004.txt,6,"HPC degradation, fan degradation",FAILED,304
FD004-HIST-109,FD004,109,train_FD004.txt,6,"HPC degradation, fan degradation",FAILED,325
FD004-HIST-110,FD004,110,train_FD004.txt,6,"HPC degradation, fan degradation",FAILED,186
FD004-HIST-111,FD004,111,train_FD004.txt,6,"HPC degradation, fan degradation",FAILED,297
FD004-HIST-112,FD004,112,train_FD004.txt,6,"HPC degradation, fan degradation",FAILED,340
FD004-HIST-113,FD004,113,train_FD004.txt,6,"HPC degradation, fan degradation",FAILED,184
FD004-HIST-114,FD004,114,train_FD004.txt,6,"HPC degradation, fan degradation",FAILED,161
FD004-HIST-115,FD004,115,train_FD004.txt,6,"HPC degradation, fan degradation",FAILED,131
FD004-HIST-116,FD004,116,train_FD004.txt,6,"HPC degradation, fan degradation",FAILED,344
FD004-HIST-117,FD004,117,train_FD004.txt,6,"HPC degradation, fan degradation",FAILED,342
FD004-HIST-118,FD004,118,train_FD004.txt,6,"HPC degradation, fan degradation",FAILED,543
FD004-HIST-119,FD004,119,train_FD004.txt,6,"HPC degradation, fan degradation",FAILED,187
FD004-HIST-120,FD004,120,train_FD004.txt,6,"HPC degradation, fan degradation",FAILED,177
FD004-HIST-121,FD004,121,train_FD004.txt,6,"HPC degradation, fan degradation",FAILED,194
FD004-HIST-122,FD004,122,train_FD004.txt,6,"HPC degradation, fan degradation",FAILED,174
FD004-HIST-123,FD004,123,train_FD004.txt,6,"HPC degradation, fan degradation",FAILED,226
FD004-HIST-124,FD004,124,train_FD004.txt,6,"HPC degradation, fan degradation",FAILED,170
FD004-HIST-125,FD004,125,train_FD004.txt,6,"HPC degradation, fan degradation",FAILED,239
FD004-HIST-126,FD004,126,train_FD004.txt,6,"HPC degradation, fan degradation",FAILED,302
FD004-HIST-127,FD004,127,train_FD004.txt,6,"HPC degradation, fan degradation",FAILED,235
FD004-HIST-128,FD004,128,train_FD004.txt,6,"HPC degradation, fan degradation",FAILED,248
FD004-HIST-129,FD004,129,train_FD004.txt,6,"HPC degradation, fan degradation",FAILED,190
FD004-HIST-130,FD004,130,train_FD004.txt,6,"HPC degradation, fan degradation",FAILED,166
FD004-HIST-131,FD004,131,train_FD004.txt,6,"HPC degradation, fan degradation",FAILED,370
FD004-HIST-132,FD004,132,train_FD004.txt,6,"HPC degradation, fan degradation",FAILED,254
FD004-HIST-133,FD004,133,train_FD004.txt,6,"HPC degradation, fan degradation",FAILED,489
FD004-HIST-134,FD004,134,train_FD004.txt,6,"HPC degradation, fan degradation",FAILED,247
FD004-HIST-135,FD004,135,train_FD004.txt,6,"HPC degradation, fan degradation",FAILED,149
FD004-HIST-136,FD004,136,train_FD004.txt,6,"HPC degradation, fan degradation",FAILED,205
FD004-HIST-137,FD004,137,train_FD004.txt,6,"HPC degradation, fan degradation",FAILED,225
FD004-HIST-138,FD004,138,train_FD004.txt,6,"HPC degradation, fan degradation",FAILED,178
FD004-HIST-139,FD004,139,train_FD004.txt,6,"HPC degradation, fan degradation",FAILED,251
FD004-HIST-140,FD004,140,train_FD004.txt,6,"HPC degradation, fan degradation",FAILED,298
FD004-HIST-141,FD004,141,train_FD004.txt,6,"HPC degradation, fan degradation",FAILED,199
FD004-HIST-142,FD004,142,train_FD004.txt,6,"HPC degradation, fan degradation",FAILED,209
FD004-HIST-143,FD004,143,train_FD004.txt,6,"HPC degradation, fan degradation",FAILED,184
FD004-HIST-144,FD004,144,train_FD004.txt,6,"HPC degradation, fan degradation",FAILED,297
FD004-HIST-145,FD004,145,train_FD004.txt,6,"HPC degradation, fan degradation",FAILED,228
FD004-HIST-146,FD004,146,train_FD004.txt,6,"HPC degradation, fan degradation",FAILED,303
FD004-HIST-147,FD004,147,train_FD004.txt,6,"HPC degradation, fan degradation",FAILED,234
FD004-HIST-148,FD004,148,train_FD004.txt,6,"HPC degradation, fan degradation",FAILED,193
FD004-HIST-149,FD004,149,train_FD004.txt,6,"HPC degradation, fan degradation",FAILED,261
FD004-HIST-150,FD004,150,train_FD004.txt,6,"HPC degradation, fan degradation",FAILED,149
FD004-HIST-151,FD004,151,train_FD004.txt,6,"HPC degradation, fan degradation",FAILED,351
FD004-HIST-152,FD004,152,train_FD004.txt,6,"HPC degradation, fan degradation",FAILED,262
FD004-HIST-153,FD004,153,train_FD004.txt,6,"HPC degradation, fan degradation",FAILED,168
FD004-HIST-154,FD004,154,train_FD004.txt,6,"HPC degradation, fan degradation",FAILED,203
FD004-HIST-155,FD004,155,train_FD004.txt,6,"HPC degradation, fan degradation",FAILED,295
FD004-HIST-156,FD004,156,train_FD004.txt,6,"HPC degradation, fan degradation",FAILED,139
FD004-HIST-157,FD004,157,train_FD004.txt,6,"HPC degradation, fan degradation",FAILED,298
FD004-HIST-158,FD004,158,train_FD004.txt,6,"HPC degradation, fan degradation",FAILED,399
FD004-HIST-159,FD004,159,train_FD004.txt,6,"HPC degradation, fan degradation",FAILED,288
FD004-HIST-160,FD004,160,train_FD004.txt,6,"HPC degradation, fan degradation",FAILED,187
FD004-HIST-161,FD004,161,train_FD004.txt,6,"HPC degradation, fan degradation",FAILED,303
FD004-HIST-162,FD004,162,train_FD004.txt,6,"HPC degradation, fan degradation",FAILED,313
FD004-HIST-163,FD004,163,train_FD004.txt,6,"HPC degradation, fan degradation",FAILED,285
FD004-HIST-164,FD004,164,train_FD004.txt,6,"HPC degradation, fan degradation",FAILED,380
FD004-HIST-165,FD004,165,train_FD004.txt,6,"HPC degradation, fan degradation",FAILED,255
FD004-HIST-166,FD004,166,train_FD004.txt,6,"HPC degradation, fan degradation",FAILED,269
FD004-HIST-167,FD004,167,train_FD004.txt,6,"HPC degradation, fan degradation",FAILED,263
FD004-HIST-168,FD004,168,train_FD004.txt,6,"HPC degradation, fan degradation",FAILED,196
FD004-HIST-169,FD004,169,train_FD004.txt,6,"HPC degradation, fan degradation",FAILED,227
FD004-HIST-170,FD004,170,train_FD004.txt,6,"HPC degradation, fan degradation",FAILED,161
FD004-HIST-171,FD004,171,train_FD004.txt,6,"HPC degradation, fan degradation",FAILED,399
FD004-HIST-172,FD004,172,train_FD004.txt,6,"HPC degradation, fan degradation",FAILED,273
FD004-HIST-173,FD004,173,train_FD004.txt,6,"HPC degradation, fan degradation",FAILED,457
FD004-HIST-174,FD004,174,train_FD004.txt,6,"HPC degradation, fan degradation",FAILED,370
FD004-HIST-175,FD004,175,train_FD004.txt,6,"HPC degradation, fan degradation",FAILED,156
FD004-HIST-176,FD004,176,train_FD004.txt,6,"HPC degradation, fan degradation",FAILED,180
FD004-HIST-177,FD004,177,train_FD004.txt,6,"HPC degradation, fan degradation",FAILED,242
FD004-HIST-178,FD004,178,train_FD004.txt,6,"HPC degradation, fan degradation",FAILED,170
FD004-HIST-179,FD004,179,train_FD004.txt,6,"HPC degradation, fan degradation",FAILED,435
FD004-HIST-180,FD004,180,train_FD004.txt,6,"HPC degradation, fan degradation",FAILED,344
FD004-HIST-181,FD004,181,train_FD004.txt,6,"HPC degradation, fan degradation",FAILED,134
FD004-HIST-182,FD004,182,train_FD004.txt,6,"HPC degradation, fan degradation",FAILED,205
FD004-HIST-183,FD004,183,train_FD004.txt,6,"HPC degradation, fan degradation",FAILED,190
FD004-HIST-184,FD004,184,train_FD004.txt,6,"HPC degradation, fan degradation",FAILED,379
FD004-HIST-185,FD004,185,train_FD004.txt,6,"HPC degradation, fan degradation",FAILED,259
FD004-HIST-186,FD004,186,train_FD004.txt,6,"HPC degradation, fan degradation",FAILED,163
FD004-HIST-187,FD004,187,train_FD004.txt,6,"HPC degradation, fan degradation",FAILED,273
FD004-HIST-188,FD004,188,train_FD004.txt,6,"HPC degradation, fan degradation",FAILED,254
FD004-HIST-189,FD004,189,train_FD004.txt,6,"HPC degradation, fan degradation",FAILED,239
FD004-HIST-190,FD004,190,train_FD004.txt,6,"HPC degradation, fan degradation",FAILED,381
FD004-HIST-191,FD004,191,train_FD004.txt,6,"HPC degradation, fan degradation",FAILED,297
FD004-HIST-192,FD004,192,train_FD004.txt,6,"HPC degradation, fan degradation",FAILED,190
FD004-HIST-193,FD004,193,train_FD004.txt,6,"HPC degradation, fan degradation",FAILED,197
FD004-HIST-194,FD004,194,train_FD004.txt,6,"HPC degradation, fan degradation",FAILED,145
FD004-HIST-195,FD004,195,train_FD004.txt,6,"HPC degradation, fan degradation",FAILED,159
FD004-HIST-196,FD004,196,train_FD004.txt,6,"HPC degradation, fan degradation",FAILED,174
FD004-HIST-197,FD004,197,train_FD004.txt,6,"HPC degradation, fan degradation",FAILED,170
FD004-HIST-198,FD004,198,train_FD004.txt,6,"HPC degradation, fan degradation",FAILED,164
FD004-HIST-199,FD004,199,train_FD004.txt,6,"HPC degradation, fan degradation",FAILED,176
FD004-HIST-200,FD004,200,train_FD004.txt,6,"HPC degradation, fan degradation",FAILED,225
FD004-HIST-201,FD004,201,train_FD004.txt,6,"HPC degradation, fan degradation",FAILED,378
FD004-HIST-202,FD004,202,train_FD004.txt,6,"HPC degradation, fan degradation",FAILED,241
FD004-HIST-203,FD004,203,train_FD004.txt,6,"HPC degradation, fan degradation",FAILED,324
FD004-HIST-204,FD004,204,train_FD004.txt,6,"HPC degradation, fan degradation",FAILED,211
FD004-HIST-205,FD004,205,train_FD004.txt,6,"HPC degradation, fan degradation",FAILED,242
FD004-HIST-206,FD004,206,train_FD004.txt,6,"HPC degradation, fan degradation",FAILED,263
FD004-HIST-207,FD004,207,train_FD004.txt,6,"HPC degradation, fan degradation",FAILED,379
FD004-HIST-208,FD004,208,train_FD004.txt,6,"HPC degradation, fan degradation",FAILED,290
FD004-HIST-209,FD004,209,train_FD004.txt,6,"HPC degradation, fan degradation",FAILED,161
FD004-HIST-210,FD004,210,train_FD004.txt,6,"HPC degradation, fan degradation",FAILED,167
FD004-HIST-211,FD004,211,train_FD004.txt,6,"HPC degradation, fan degradation",FAILED,146
FD004-HIST-212,FD004,212,train_FD004.txt,6,"HPC degradation, fan degradation",FAILED,229
FD004-HIST-213,FD004,213,train_FD004.txt,6,"HPC degradation, fan degradation",FAILED,197
FD004-HIST-214,FD004,214,train_FD004.txt,6,"HPC degradation, fan degradation",FAILED,128
FD004-HIST-215,FD004,215,train_FD004.txt,6,"HPC degradation, fan degradation",FAILED,361
FD004-HIST-216,FD004,216,train_FD004.txt,6,"HPC degradation, fan degradation",FAILED,244
FD004-HIST-217,FD004,217,train_FD004.txt,6,"HPC degradation, fan degradation",FAILED,200
FD004-HIST-218,FD004,218,train_FD004.txt,6,"HPC degradation, fan degradation",FAILED,236
FD004-HIST-219,FD004,219,train_FD004.txt,6,"HPC degradation, fan degradation",FAILED,190
FD004-HIST-220,FD004,220,train_FD004.txt,6,"HPC degradation, fan degradation",FAILED,202
FD004-HIST-221,FD004,221,train_FD004.txt,6,"HPC degradation, fan degradation",FAILED,274
FD004-HIST-222,FD004,222,train_FD004.txt,6,"HPC degradation, fan degradation",FAILED,202
FD004-HIST-223,FD004,223,train_FD004.txt,6,"HPC degradation, fan degradation",FAILED,247
FD004-HIST-224,FD004,224,train_FD004.txt,6,"HPC degradation, fan degradation",FAILED,268
FD004-HIST-225,FD004,225,train_FD004.txt,6,"HPC degradation, fan degradation",FAILED,418
FD004-HIST-226,FD004,226,train_FD004.txt,6,"HPC degradation, fan degradation",FAILED,194
FD004-HIST-227,FD004,227,train_FD004.txt,6,"HPC degradation, fan degradation",FAILED,287
FD004-HIST-228,FD004,228,train_FD004.txt,6,"HPC degradation, fan degradation",FAILED,279
FD004-HIST-229,FD004,229,train_FD004.txt,6,"HPC degradation, fan degradation",FAILED,280
FD004-HIST-230,FD004,230,train_FD004.txt,6,"HPC degradation, fan degradation",FAILED,250
FD004-HIST-231,FD004,231,train_FD004.txt,6,"HPC degradation, fan degradation",FAILED,194
FD004-HIST-232,FD004,232,train_FD004.txt,6,"HPC degradation, fan degradation",FAILED,273
FD004-HIST-233,FD004,233,train_FD004.txt,6,"HPC degradation, fan degradation",FAILED,289
FD004-HIST-234,FD004,234,train_FD004.txt,6,"HPC degradation, fan degradation",FAILED,207
FD004-HIST-235,FD004,235,train_FD004.txt,6,"HPC degradation, fan degradation",FAILED,199
FD004-HIST-236,FD004,236,train_FD004.txt,6,"HPC degradation, fan degradation",FAILED,225
FD004-HIST-237,FD004,237,train_FD004.txt,6,"HPC degradation, fan degradation",FAILED,212
FD004-HIST-238,FD004,238,train_FD004.txt,6,"HPC degradation, fan degradation",FAILED,187
FD004-HIST-239,FD004,239,train_FD004.txt,6,"HPC degradation, fan degradation",FAILED,365
FD004-HIST-240,FD004,240,train_FD004.txt,6,"HPC degradation, fan degradation",FAILED,149
FD004-HIST-241,FD004,241,train_FD004.txt,6,"HPC degradation, fan degradation",FAILED,332
FD004-HIST-242,FD004,242,train_FD004.txt,6,"HPC degradation, fan degradation",FAILED,222
FD004-HIST-243,FD004,243,train_FD004.txt,6,"HPC degradation, fan degradation",FAILED,327
FD004-HIST-244,FD004,244,train_FD004.txt,6,"HPC degradation, fan degradation",FAILED,267
FD004-HIST-245,FD004,245,train_FD004.txt,6,"HPC degradation, fan degradation",FAILED,205
FD004-HIST-246,FD004,246,train_FD004.txt,6,"HPC degradation, fan degradation",FAILED,161
FD004-HIST-247,FD004,247,train_FD004.txt,6,"HPC degradation, fan degradation",FAILED,211
FD004-HIST-248,FD004,248,train_FD004.txt,6,"HPC degradation, fan degradation",FAILED,184
FD004-HIST-249,FD004,249,train_FD004.txt,6,"HPC degradation, fan degradation",FAILED,255
FD004-ENG-001,FD004,1,test_FD004.txt,6,"HPC degradation, fan degradation",IN_SERVICE,230
FD004-ENG-002,FD004,2,test_FD004.txt,6,"HPC degradation, fan degradation",IN_SERVICE,153
FD004-ENG-003,FD004,3,test_FD004.txt,6,"HPC degradation, fan degradation",IN_SERVICE,141
FD004-ENG-004,FD004,4,test_FD004.txt,6,"HPC degradation, fan degradation",IN_SERVICE,208
FD004-ENG-005,FD004,5,test_FD004.txt,6,"HPC degradation, fan degradation",IN_SERVICE,51
FD004-ENG-006,FD004,6,test_FD004.txt,6,"HPC degradation, fan degradation",IN_SERVICE,146
FD004-ENG-007,FD004,7,test_FD004.txt,6,"HPC degradation, fan degradation",IN_SERVICE,54
FD004-ENG-008,FD004,8,test_FD004.txt,6,"HPC degradation, fan degradation",IN_SERVICE,248
FD004-ENG-009,FD004,9,test_FD004.txt,6,"HPC degradation, fan degradation",IN_SERVICE,284
FD004-ENG-010,FD004,10,test_FD004.txt,6,"HPC degradation, fan degradation",IN_SERVICE,23
FD004-ENG-011,FD004,11,test_FD004.txt,6,"HPC degradation, fan degradation",IN_SERVICE,82
FD004-ENG-012,FD004,12,test_FD004.txt,6,"HPC degradation, fan degradation",IN_SERVICE,270
FD004-ENG-013,FD004,13,test_FD004.txt,6,"HPC degradation, fan degradation",IN_SERVICE,227
FD004-ENG-014,FD004,14,test_FD004.txt,6,"HPC degradation, fan degradation",IN_SERVICE,102
FD004-ENG-015,FD004,15,test_FD004.txt,6,"HPC degradation, fan degradation",IN_SERVICE,168
FD004-ENG-016,FD004,16,test_FD004.txt,6,"HPC degradation, fan degradation",IN_SERVICE,240
FD004-ENG-017,FD004,17,test_FD004.txt,6,"HPC degradation, fan degradation",IN_SERVICE,334
FD004-ENG-018,FD004,18,test_FD004.txt,6,"HPC degradation, fan degradation",IN_SERVICE,247
FD004-ENG-019,FD004,19,test_FD004.txt,6,"HPC degradation, fan degradation",IN_SERVICE,24
FD004-ENG-020,FD004,20,test_FD004.txt,6,"HPC degradation, fan degradation",IN_SERVICE,115
FD004-ENG-021,FD004,21,test_FD004.txt,6,"HPC degradation, fan degradation",IN_SERVICE,202
FD004-ENG-022,FD004,22,test_FD004.txt,6,"HPC degradation, fan degradation",IN_SERVICE,158
FD004-ENG-023,FD004,23,test_FD004.txt,6,"HPC degradation, fan degradation",IN_SERVICE,162
FD004-ENG-024,FD004,24,test_FD004.txt,6,"HPC degradation, fan degradation",IN_SERVICE,174
FD004-ENG-025,FD004,25,test_FD004.txt,6,"HPC degradation, fan degradation",IN_SERVICE,486
FD004-ENG-026,FD004,26,test_FD004.txt,6,"HPC degradation, fan degradation",IN_SERVICE,90
FD004-ENG-027,FD004,27,test_FD004.txt,6,"HPC degradation, fan degradation",IN_SERVICE,144
FD004-ENG-028,FD004,28,test_FD004.txt,6,"HPC degradation, fan degradation",IN_SERVICE,20
FD004-ENG-029,FD004,29,test_FD004.txt,6,"HPC degradation, fan degradation",IN_SERVICE,216
FD004-ENG-030,FD004,30,test_FD004.txt,6,"HPC degradation, fan degradation",IN_SERVICE,229
FD004-ENG-031,FD004,31,test_FD004.txt,6,"HPC degradation, fan degradation",IN_SERVICE,134
FD004-ENG-032,FD004,32,test_FD004.txt,6,"HPC degradation, fan degradation",IN_SERVICE,260
FD004-ENG-033,FD004,33,test_FD004.txt,6,"HPC degradation, fan degradation",IN_SERVICE,107
FD004-ENG-034,FD004,34,test_FD004.txt,6,"HPC degradation, fan degradation",IN_SERVICE,361
FD004-ENG-035,FD004,35,test_FD004.txt,6,"HPC degradation, fan degradation",IN_SERVICE,278
FD004-ENG-036,FD004,36,test_FD004.txt,6,"HPC degradation, fan degradation",IN_SERVICE,159
FD004-ENG-037,FD004,37,test_FD004.txt,6,"HPC degradation, fan degradation",IN_SERVICE,345
FD004-ENG-038,FD004,38,test_FD004.txt,6,"HPC degradation, fan degradation",IN_SERVICE,125
FD004-ENG-039,FD004,39,test_FD004.txt,6,"HPC degradation, fan degradation",IN_SERVICE,214
FD004-ENG-040,FD004,40,test_FD004.txt,6,"HPC degradation, fan degradation",IN_SERVICE,266
FD004-ENG-041,FD004,41,test_FD004.txt,6,"HPC degradation, fan degradation",IN_SERVICE,414
FD004-ENG-042,FD004,42,test_FD004.txt,6,"HPC degradation, fan degradation",IN_SERVICE,200
FD004-ENG-043,FD004,43,test_FD004.txt,6,"HPC degradation, fan degradation",IN_SERVICE,120
FD004-ENG-044,FD004,44,test_FD004.txt,6,"HPC degradation, fan degradation",IN_SERVICE,406
FD004-ENG-045,FD004,45,test_FD004.txt,6,"HPC degradation, fan degradation",IN_SERVICE,78
FD004-ENG-046,FD004,46,test_FD004.txt,6,"HPC degradation, fan degradation",IN_SERVICE,37
FD004-ENG-047,FD004,47,test_FD004.txt,6,"HPC degradation, fan degradation",IN_SERVICE,224
FD004-ENG-048,FD004,48,test_FD004.txt,6,"HPC degradation, fan degradation",IN_SERVICE,214
FD004-ENG-049,FD004,49,test_FD004.txt,6,"HPC degradation, fan degradation",IN_SERVICE,273
FD004-ENG-050,FD004,50,test_FD004.txt,6,"HPC degradation, fan degradation",IN_SERVICE,206
FD004-ENG-051,FD004,51,test_FD004.txt,6,"HPC degradation, fan degradation",IN_SERVICE,137
FD004-ENG-052,FD004,52,test_FD004.txt,6,"HPC degradation, fan degradation",IN_SERVICE,58
FD004-ENG-053,FD004,53,test_FD004.txt,6,"HPC degradation, fan degradation",IN_SERVICE,67
FD004-ENG-054,FD004,54,test_FD004.txt,6,"HPC degradation, fan degradation",IN_SERVICE,81
FD004-ENG-055,FD004,55,test_FD004.txt,6,"HPC degradation, fan degradation",IN_SERVICE,103
FD004-ENG-056,FD004,56,test_FD004.txt,6,"HPC degradation, fan degradation",IN_SERVICE,180
FD004-ENG-057,FD004,57,test_FD004.txt,6,"HPC degradation, fan degradation",IN_SERVICE,121
FD004-ENG-058,FD004,58,test_FD004.txt,6,"HPC degradation, fan degradation",IN_SERVICE,185
FD004-ENG-059,FD004,59,test_FD004.txt,6,"HPC degradation, fan degradation",IN_SERVICE,37
FD004-ENG-060,FD004,60,test_FD004.txt,6,"HPC degradation, fan degradation",IN_SERVICE,135
FD004-ENG-061,FD004,61,test_FD004.txt,6,"HPC degradation, fan degradation",IN_SERVICE,396
FD004-ENG-062,FD004,62,test_FD004.txt,6,"HPC degradation, fan degradation",IN_SERVICE,240
FD004-ENG-063,FD004,63,test_FD004.txt,6,"HPC degradation, fan degradation",IN_SERVICE,158
FD004-ENG-064,FD004,64,test_FD004.txt,6,"HPC degradation, fan degradation",IN_SERVICE,251
FD004-ENG-065,FD004,65,test_FD004.txt,6,"HPC degradation, fan degradation",IN_SERVICE,186
FD004-ENG-066,FD004,66,test_FD004.txt,6,"HPC degradation, fan degradation",IN_SERVICE,97
FD004-ENG-067,FD004,67,test_FD004.txt,6,"HPC degradation, fan degradation",IN_SERVICE,150
FD004-ENG-068,FD004,68,test_FD004.txt,6,"HPC degradation, fan degradation",IN_SERVICE,241
FD004-ENG-069,FD004,69,test_FD004.txt,6,"HPC degradation, fan degradation",IN_SERVICE,162
FD004-ENG-070,FD004,70,test_FD004.txt,6,"HPC degradation, fan degradation",IN_SERVICE,190
FD004-ENG-071,FD004,71,test_FD004.txt,6,"HPC degradation, fan degradation",IN_SERVICE,292
FD004-ENG-072,FD004,72,test_FD004.txt,6,"HPC degradation, fan degradation",IN_SERVICE,118
FD004-ENG-073,FD004,73,test_FD004.txt,6,"HPC degradation, fan degradation",IN_SERVICE,149
FD004-ENG-074,FD004,74,test_FD004.txt,6,"HPC degradation, fan degradation",IN_SERVICE,223
FD004-ENG-075,FD004,75,test_FD004.txt,6,"HPC degradation, fan degradation",IN_SERVICE,203
FD004-ENG-076,FD004,76,test_FD004.txt,6,"HPC degradation, fan degradation",IN_SERVICE,48
FD004-ENG-077,FD004,77,test_FD004.txt,6,"HPC degradation, fan degradation",IN_SERVICE,108
FD004-ENG-078,FD004,78,test_FD004.txt,6,"HPC degradation, fan degradation",IN_SERVICE,106
FD004-ENG-079,FD004,79,test_FD004.txt,6,"HPC degradation, fan degradation",IN_SERVICE,184
FD004-ENG-080,FD004,80,test_FD004.txt,6,"HPC degradation, fan degradation",IN_SERVICE,112
FD004-ENG-081,FD004,81,test_FD004.txt,6,"HPC degradation, fan degradation",IN_SERVICE,60
FD004-ENG-082,FD004,82,test_FD004.txt,6,"HPC degradation, fan degradation",IN_SERVICE,146
FD004-ENG-083,FD004,83,test_FD004.txt,6,"HPC degradation, fan degradation",IN_SERVICE,274
FD004-ENG-084,FD004,84,test_FD004.txt,6,"HPC degradation, fan degradation",IN_SERVICE,88
FD004-ENG-085,FD004,85,test_FD004.txt,6,"HPC degradation, fan degradation",IN_SERVICE,174
FD004-ENG-086,FD004,86,test_FD004.txt,6,"HPC degradation, fan degradation",IN_SERVICE,254
FD004-ENG-087,FD004,87,test_FD004.txt,6,"HPC degradation, fan degradation",IN_SERVICE,167
FD004-ENG-088,FD004,88,test_FD004.txt,6,"HPC degradation, fan degradation",IN_SERVICE,140
FD004-ENG-089,FD004,89,test_FD004.txt,6,"HPC degradation, fan degradation",IN_SERVICE,285
FD004-ENG-090,FD004,90,test_FD004.txt,6,"HPC degradation, fan degradation",IN_SERVICE,118
FD004-ENG-091,FD004,91,test_FD004.txt,6,"HPC degradation, fan degradation",IN_SERVICE,144
FD004-ENG-092,FD004,92,test_FD004.txt,6,"HPC degradation, fan degradation",IN_SERVICE,116
FD004-ENG-093,FD004,93,test_FD004.txt,6,"HPC degradation, fan degradation",IN_SERVICE,200
FD004-ENG-094,FD004,94,test_FD004.txt,6,"HPC degradation, fan degradation",IN_SERVICE,105
FD004-ENG-095,FD004,95,test_FD004.txt,6,"HPC degradation, fan degradation",IN_SERVICE,110
FD004-ENG-096,FD004,96,test_FD004.txt,6,"HPC degradation, fan degradation",IN_SERVICE,123
FD004-ENG-097,FD004,97,test_FD004.txt,6,"HPC degradation, fan degradation",IN_SERVICE,51
FD004-ENG-098,FD004,98,test_FD004.txt,6,"HPC degradation, fan degradation",IN_SERVICE,82
FD004-ENG-099,FD004,99,test_FD004.txt,6,"HPC degradation, fan degradation",IN_SERVICE,237
FD004-ENG-100,FD004,100,test_FD004.txt,6,"HPC degradation, fan degradation",IN_SERVICE,196
FD004-ENG-101,FD004,101,test_FD004.txt,6,"HPC degradation, fan degradation",IN_SERVICE,166
FD004-ENG-102,FD004,102,test_FD004.txt,6,"HPC degradation, fan degradation",IN_SERVICE,443
FD004-ENG-103,FD004,103,test_FD004.txt,6,"HPC degradation, fan degradation",IN_SERVICE,145
FD004-ENG-104,FD004,104,test_FD004.txt,6,"HPC degradation, fan degradation",IN_SERVICE,65
FD004-ENG-105,FD004,105,test_FD004.txt,6,"HPC degradation, fan degradation",IN_SERVICE,351
FD004-ENG-106,FD004,106,test_FD004.txt,6,"HPC degradation, fan degradation",IN_SERVICE,148
FD004-ENG-107,FD004,107,test_FD004.txt,6,"HPC degradation, fan degradation",IN_SERVICE,121
FD004-ENG-108,FD004,108,test_FD004.txt,6,"HPC degradation, fan degradation",IN_SERVICE,145
FD004-ENG-109,FD004,109,test_FD004.txt,6,"HPC degradation, fan degradation",IN_SERVICE,66
FD004-ENG-110,FD004,110,test_FD004.txt,6,"HPC degradation, fan degradation",IN_SERVICE,348
FD004-ENG-111,FD004,111,test_FD004.txt,6,"HPC degradation, fan degradation",IN_SERVICE,342
FD004-ENG-112,FD004,112,test_FD004.txt,6,"HPC degradation, fan degradation",IN_SERVICE,88
FD004-ENG-113,FD004,113,test_FD004.txt,6,"HPC degradation, fan degradation",IN_SERVICE,132
FD004-ENG-114,FD004,114,test_FD004.txt,6,"HPC degradation, fan degradation",IN_SERVICE,218
FD004-ENG-115,FD004,115,test_FD004.txt,6,"HPC degradation, fan degradation",IN_SERVICE,82
FD004-ENG-116,FD004,116,test_FD004.txt,6,"HPC degradation, fan degradation",IN_SERVICE,161
FD004-ENG-117,FD004,117,test_FD004.txt,6,"HPC degradation, fan degradation",IN_SERVICE,97
FD004-ENG-118,FD004,118,test_FD004.txt,6,"HPC degradation, fan degradation",IN_SERVICE,178
FD004-ENG-119,FD004,119,test_FD004.txt,6,"HPC degradation, fan degradation",IN_SERVICE,228
FD004-ENG-120,FD004,120,test_FD004.txt,6,"HPC degradation, fan degradation",IN_SERVICE,170
FD004-ENG-121,FD004,121,test_FD004.txt,6,"HPC degradation, fan degradation",IN_SERVICE,194
FD004-ENG-122,FD004,122,test_FD004.txt,6,"HPC degradation, fan degradation",IN_SERVICE,117
FD004-ENG-123,FD004,123,test_FD004.txt,6,"HPC degradation, fan degradation",IN_SERVICE,236
FD004-ENG-124,FD004,124,test_FD004.txt,6,"HPC degradation, fan degradation",IN_SERVICE,230
FD004-ENG-125,FD004,125,test_FD004.txt,6,"HPC degradation, fan degradation",IN_SERVICE,21
FD004-ENG-126,FD004,126,test_FD004.txt,6,"HPC degradation, fan degradation",IN_SERVICE,220
FD004-ENG-127,FD004,127,test_FD004.txt,6,"HPC degradation, fan degradation",IN_SERVICE,98
FD004-ENG-128,FD004,128,test_FD004.txt,6,"HPC degradation, fan degradation",IN_SERVICE,139
FD004-ENG-129,FD004,129,test_FD004.txt,6,"HPC degradation, fan degradation",IN_SERVICE,315
FD004-ENG-130,FD004,130,test_FD004.txt,6,"HPC degradation, fan degradation",IN_SERVICE,107
FD004-ENG-131,FD004,131,test_FD004.txt,6,"HPC degradation, fan degradation",IN_SERVICE,193
FD004-ENG-132,FD004,132,test_FD004.txt,6,"HPC degradation, fan degradation",IN_SERVICE,115
FD004-ENG-133,FD004,133,test_FD004.txt,6,"HPC degradation, fan degradation",IN_SERVICE,74
FD004-ENG-134,FD004,134,test_FD004.txt,6,"HPC degradation, fan degradation",IN_SERVICE,266
FD004-ENG-135,FD004,135,test_FD004.txt,6,"HPC degradation, fan degradation",IN_SERVICE,435
FD004-ENG-136,FD004,136,test_FD004.txt,6,"HPC degradation, fan degradation",IN_SERVICE,56
FD004-ENG-137,FD004,137,test_FD004.txt,6,"HPC degradation, fan degradation",IN_SERVICE,291
FD004-ENG-138,FD004,138,test_FD004.txt,6,"HPC degradation, fan degradation",IN_SERVICE,239
FD004-ENG-139,FD004,139,test_FD004.txt,6,"HPC degradation, fan degradation",IN_SERVICE,88
FD004-ENG-140,FD004,140,test_FD004.txt,6,"HPC degradation, fan degradation",IN_SERVICE,160
FD004-ENG-141,FD004,141,test_FD004.txt,6,"HPC degradation, fan degradation",IN_SERVICE,19
FD004-ENG-142,FD004,142,test_FD004.txt,6,"HPC degradation, fan degradation",IN_SERVICE,69
FD004-ENG-143,FD004,143,test_FD004.txt,6,"HPC degradation, fan degradation",IN_SERVICE,327
FD004-ENG-144,FD004,144,test_FD004.txt,6,"HPC degradation, fan degradation",IN_SERVICE,34
FD004-ENG-145,FD004,145,test_FD004.txt,6,"HPC degradation, fan degradation",IN_SERVICE,102
FD004-ENG-146,FD004,146,test_FD004.txt,6,"HPC degradation, fan degradation",IN_SERVICE,84
FD004-ENG-147,FD004,147,test_FD004.txt,6,"HPC degradation, fan degradation",IN_SERVICE,116
FD004-ENG-148,FD004,148,test_FD004.txt,6,"HPC degradation, fan degradation",IN_SERVICE,126
FD004-ENG-149,FD004,149,test_FD004.txt,6,"HPC degradation, fan degradation",IN_SERVICE,320
FD004-ENG-150,FD004,150,test_FD004.txt,6,"HPC degradation, fan degradation",IN_SERVICE,202
FD004-ENG-151,FD004,151,test_FD004.txt,6,"HPC degradation, fan degradation",IN_SERVICE,285
FD004-ENG-152,FD004,152,test_FD004.txt,6,"HPC degradation, fan degradation",IN_SERVICE,195
FD004-ENG-153,FD004,153,test_FD004.txt,6,"HPC degradation, fan degradation",IN_SERVICE,130
FD004-ENG-154,FD004,154,test_FD004.txt,6,"HPC degradation, fan degradation",IN_SERVICE,122
FD004-ENG-155,FD004,155,test_FD004.txt,6,"HPC degradation, fan degradation",IN_SERVICE,161
FD004-ENG-156,FD004,156,test_FD004.txt,6,"HPC degradation, fan degradation",IN_SERVICE,28
FD004-ENG-157,FD004,157,test_FD004.txt,6,"HPC degradation, fan degradation",IN_SERVICE,138
FD004-ENG-158,FD004,158,test_FD004.txt,6,"HPC degradation, fan degradation",IN_SERVICE,171
FD004-ENG-159,FD004,159,test_FD004.txt,6,"HPC degradation, fan degradation",IN_SERVICE,160
FD004-ENG-160,FD004,160,test_FD004.txt,6,"HPC degradation, fan degradation",IN_SERVICE,122
FD004-ENG-161,FD004,161,test_FD004.txt,6,"HPC degradation, fan degradation",IN_SERVICE,257
FD004-ENG-162,FD004,162,test_FD004.txt,6,"HPC degradation, fan degradation",IN_SERVICE,99
FD004-ENG-163,FD004,163,test_FD004.txt,6,"HPC degradation, fan degradation",IN_SERVICE,122
FD004-ENG-164,FD004,164,test_FD004.txt,6,"HPC degradation, fan degradation",IN_SERVICE,29
FD004-ENG-165,FD004,165,test_FD004.txt,6,"HPC degradation, fan degradation",IN_SERVICE,178
FD004-ENG-166,FD004,166,test_FD004.txt,6,"HPC degradation, fan degradation",IN_SERVICE,63
FD004-ENG-167,FD004,167,test_FD004.txt,6,"HPC degradation, fan degradation",IN_SERVICE,99
FD004-ENG-168,FD004,168,test_FD004.txt,6,"HPC degradation, fan degradation",IN_SERVICE,74
FD004-ENG-169,FD004,169,test_FD004.txt,6,"HPC degradation, fan degradation",IN_SERVICE,34
FD004-ENG-170,FD004,170,test_FD004.txt,6,"HPC degradation, fan degradation",IN_SERVICE,48
FD004-ENG-171,FD004,171,test_FD004.txt,6,"HPC degradation, fan degradation",IN_SERVICE,355
FD004-ENG-172,FD004,172,test_FD004.txt,6,"HPC degradation, fan degradation",IN_SERVICE,132
FD004-ENG-173,FD004,173,test_FD004.txt,6,"HPC degradation, fan degradation",IN_SERVICE,151
FD004-ENG-174,FD004,174,test_FD004.txt,6,"HPC degradation, fan degradation",IN_SERVICE,135
FD004-ENG-175,FD004,175,test_FD004.txt,6,"HPC degradation, fan degradation",IN_SERVICE,116
FD004-ENG-176,FD004,176,test_FD004.txt,6,"HPC degradation, fan degradation",IN_SERVICE,185
FD004-ENG-177,FD004,177,test_FD004.txt,6,"HPC degradation, fan degradation",IN_SERVICE,146
FD004-ENG-178,FD004,178,test_FD004.txt,6,"HPC degradation, fan degradation",IN_SERVICE,279
FD004-ENG-179,FD004,179,test_FD004.txt,6,"HPC degradation, fan degradation",IN_SERVICE,262
FD004-ENG-180,FD004,180,test_FD004.txt,6,"HPC degradation, fan degradation",IN_SERVICE,367
FD004-ENG-181,FD004,181,test_FD004.txt,6,"HPC degradation, fan degradation",IN_SERVICE,199
FD004-ENG-182,FD004,182,test_FD004.txt,6,"HPC degradation, fan degradation",IN_SERVICE,98
FD004-ENG-183,FD004,183,test_FD004.txt,6,"HPC degradation, fan degradation",IN_SERVICE,125
FD004-ENG-184,FD004,184,test_FD004.txt,6,"HPC degradation, fan degradation",IN_SERVICE,154
FD004-ENG-185,FD004,185,test_FD004.txt,6,"HPC degradation, fan degradation",IN_SERVICE,203
FD004-ENG-186,FD004,186,test_FD004.txt,6,"HPC degradation, fan degradation",IN_SERVICE,47
FD004-ENG-187,FD004,187,test_FD004.txt,6,"HPC degradation, fan degradation",IN_SERVICE,121
FD004-ENG-188,FD004,188,test_FD004.txt,6,"HPC degradation, fan degradation",IN_SERVICE,157
FD004-ENG-189,FD004,189,test_FD004.txt,6,"HPC degradation, fan degradation",IN_SERVICE,107
FD004-ENG-190,FD004,190,test_FD004.txt,6,"HPC degradation, fan degradation",IN_SERVICE,200
FD004-ENG-191,FD004,191,test_FD004.txt,6,"HPC degradation, fan degradation",IN_SERVICE,71
FD004-ENG-192,FD004,192,test_FD004.txt,6,"HPC degradation, fan degradation",IN_SERVICE,203
FD004-ENG-193,FD004,193,test_FD004.txt,6,"HPC degradation, fan degradation",IN_SERVICE,263
FD004-ENG-194,FD004,194,test_FD004.txt,6,"HPC degradation, fan degradation",IN_SERVICE,214
FD004-ENG-195,FD004,195,test_FD004.txt,6,"HPC degradation, fan degradation",IN_SERVICE,186
FD004-ENG-196,FD004,196,test_FD004.txt,6,"HPC degradation, fan degradation",IN_SERVICE,70
FD004-ENG-197,FD004,197,test_FD004.txt,6,"HPC degradation, fan degradation",IN_SERVICE,196
FD004-ENG-198,FD004,198,test_FD004.txt,6,"HPC degradation, fan degradation",IN_SERVICE,115
FD004-ENG-199,FD004,199,test_FD004.txt,6,"HPC degradation, fan degradation",IN_SERVICE,177
FD004-ENG-200,FD004,200,test_FD004.txt,6,"HPC degradation, fan degradation",IN_SERVICE,115
FD004-ENG-201,FD004,201,test_FD004.txt,6,"HPC degradation, fan degradation",IN_SERVICE,139
FD004-ENG-202,FD004,202,test_FD004.txt,6,"HPC degradation, fan degradation",IN_SERVICE,222
FD004-ENG-203,FD004,203,test_FD004.txt,6,"HPC degradation, fan degradation",IN_SERVICE,87
FD004-ENG-204,FD004,204,test_FD004.txt,6,"HPC degradation, fan degradation",IN_SERVICE,19
FD004-ENG-205,FD004,205,test_FD004.txt,6,"HPC degradation, fan degradation",IN_SERVICE,95
FD004-ENG-206,FD004,206,test_FD004.txt,6,"HPC degradation, fan degradation",IN_SERVICE,291
FD004-ENG-207,FD004,207,test_FD004.txt,6,"HPC degradation, fan degradation",IN_SERVICE,179
FD004-ENG-208,FD004,208,test_FD004.txt,6,"HPC degradation, fan degradation",IN_SERVICE,180
FD004-ENG-209,FD004,209,test_FD004.txt,6,"HPC degradation, fan degradation",IN_SERVICE,171
FD004-ENG-210,FD004,210,test_FD004.txt,6,"HPC degradation, fan degradation",IN_SERVICE,135
FD004-ENG-211,FD004,211,test_FD004.txt,6,"HPC degradation, fan degradation",IN_SERVICE,206
FD004-ENG-212,FD004,212,test_FD004.txt,6,"HPC degradation, fan degradation",IN_SERVICE,261
FD004-ENG-213,FD004,213,test_FD004.txt,6,"HPC degradation, fan degradation",IN_SERVICE,288
FD004-ENG-214,FD004,214,test_FD004.txt,6,"HPC degradation, fan degradation",IN_SERVICE,102
FD004-ENG-215,FD004,215,test_FD004.txt,6,"HPC degradation, fan degradation",IN_SERVICE,72
FD004-ENG-216,FD004,216,test_FD004.txt,6,"HPC degradation, fan degradation",IN_SERVICE,264
FD004-ENG-217,FD004,217,test_FD004.txt,6,"HPC degradation, fan degradation",IN_SERVICE,141
FD004-ENG-218,FD004,218,test_FD004.txt,6,"HPC degradation, fan degradation",IN_SERVICE,63
FD004-ENG-219,FD004,219,test_FD004.txt,6,"HPC degradation, fan degradation",IN_SERVICE,110
FD004-ENG-220,FD004,220,test_FD004.txt,6,"HPC degradation, fan degradation",IN_SERVICE,65
FD004-ENG-221,FD004,221,test_FD004.txt,6,"HPC degradation, fan degradation",IN_SERVICE,176
FD004-ENG-222,FD004,222,test_FD004.txt,6,"HPC degradation, fan degradation",IN_SERVICE,178
FD004-ENG-223,FD004,223,test_FD004.txt,6,"HPC degradation, fan degradation",IN_SERVICE,305
FD004-ENG-224,FD004,224,test_FD004.txt,6,"HPC degradation, fan degradation",IN_SERVICE,152
FD004-ENG-225,FD004,225,test_FD004.txt,6,"HPC degradation, fan degradation",IN_SERVICE,39
FD004-ENG-226,FD004,226,test_FD004.txt,6,"HPC degradation, fan degradation",IN_SERVICE,59
FD004-ENG-227,FD004,227,test_FD004.txt,6,"HPC degradation, fan degradation",IN_SERVICE,62
FD004-ENG-228,FD004,228,test_FD004.txt,6,"HPC degradation, fan degradation",IN_SERVICE,126
FD004-ENG-229,FD004,229,test_FD004.txt,6,"HPC degradation, fan degradation",IN_SERVICE,20
FD004-ENG-230,FD004,230,test_FD004.txt,6,"HPC degradation, fan degradation",IN_SERVICE,157
FD004-ENG-231,FD004,231,test_FD004.txt,6,"HPC degradation, fan degradation",IN_SERVICE,230
FD004-ENG-232,FD004,232,test_FD004.txt,6,"HPC degradation, fan degradation",IN_SERVICE,370
FD004-ENG-233,FD004,233,test_FD004.txt,6,"HPC degradation, fan degradation",IN_SERVICE,111
FD004-ENG-234,FD004,234,test_FD004.txt,6,"HPC degradation, fan degradation",IN_SERVICE,179
FD004-ENG-235,FD004,235,test_FD004.txt,6,"HPC degradation, fan degradation",IN_SERVICE,362
FD004-ENG-236,FD004,236,test_FD004.txt,6,"HPC degradation, fan degradation",IN_SERVICE,176
FD004-ENG-237,FD004,237,test_FD004.txt,6,"HPC degradation, fan degradation",IN_SERVICE,221
FD004-ENG-238,FD004,238,test_FD004.txt,6,"HPC degradation, fan degradation",IN_SERVICE,177
FD004-ENG-239,FD004,239,test_FD004.txt,6,"HPC degradation, fan degradation",IN_SERVICE,28
FD004-ENG-240,FD004,240,test_FD004.txt,6,"HPC degradation, fan degradation",IN_SERVICE,204
FD004-ENG-241,FD004,241,test_FD004.txt,6,"HPC degradation, fan degradation",IN_SERVICE,42
FD004-ENG-242,FD004,242,test_FD004.txt,6,"HPC degradation, fan degradation",IN_SERVICE,112
FD004-ENG-243,FD004,243,test_FD004.txt,6,"HPC degradation, fan degradation",IN_SERVICE,199
FD004-ENG-244,FD004,244,test_FD004.txt,6,"HPC degradation, fan degradation",IN_SERVICE,184
FD004-ENG-245,FD004,245,test_FD004.txt,6,"HPC degradation, fan degradation",IN_SERVICE,63
FD004-ENG-246,FD004,246,test_FD004.txt,6,"HPC degradation, fan degradation",IN_SERVICE,29
FD004-ENG-247,FD004,247,test_FD004.txt,6,"HPC degradation, fan degradation",IN_SERVICE,94
FD004-ENG-248,FD004,248,test_FD004.txt,6,"HPC degradation, fan degradation",IN_SERVICE,281
